cod_dpto,dpto,cod_mpio,nom_mpio,tipo_municipio,longitud,latitud,llave_norm
05,ANTIOQUIA,05001,MEDELLÍN,Municipio,,,ANTIOQUIA|MEDELLIN
05,ANTIOQUIA,05002,ABEJORRAL,Municipio,,,ANTIOQUIA|ABEJORRAL
05,ANTIOQUIA,05004,ABRIAQUÍ,Municipio,,,ANTIOQUIA|ABRIAQUI
05,ANTIOQUIA,05021,ALEJANDRÍA,Municipio,,,ANTIOQUIA|ALEJANDRIA
05,ANTIOQUIA,05030,AMAGÁ,Municipio,,,ANTIOQUIA|AMAGA
05,ANTIOQUIA,05031,AMALFI,Municipio,,,ANTIOQUIA|AMALFI
05,ANTIOQUIA,05034,ANDES,Municipio,,,ANTIOQUIA|ANDES
05,ANTIOQUIA,05036,ANGELÓPOLIS,Municipio,,,ANTIOQUIA|ANGELOPOLIS
05,ANTIOQUIA,05038,ANGOSTURA,Municipio,,,ANTIOQUIA|ANGOSTURA
05,ANTIOQUIA,05040,ANORÍ,Municipio,,,ANTIOQUIA|ANORI
05,ANTIOQUIA,05042,SANTA FÉ DE ANTIOQUIA,Municipio,,,ANTIOQUIA|SANTA FE DE ANTIOQUIA
05,ANTIOQUIA,05044,ANZÁ,Municipio,,,ANTIOQUIA|ANZA
05,ANTIOQUIA,05045,APARTADÓ,Municipio,,,ANTIOQUIA|APARTADO
05,ANTIOQUIA,05051,ARBOLETES,Municipio,,,ANTIOQUIA|ARBOLETES
05,ANTIOQUIA,05055,ARGELIA,Municipio,,,ANTIOQUIA|ARGELIA
05,ANTIOQUIA,05059,ARMENIA,Municipio,,,ANTIOQUIA|ARMENIA
05,ANTIOQUIA,05079,BARBOSA,Municipio,,,ANTIOQUIA|BARBOSA
05,ANTIOQUIA,05086,BELMIRA,Municipio,,,ANTIOQUIA|BELMIRA
05,ANTIOQUIA,05088,BELLO,Municipio,,,ANTIOQUIA|BELLO
05,ANTIOQUIA,05091,BETANIA,Municipio,,,ANTIOQUIA|BETANIA
05,ANTIOQUIA,05093,BETULIA,Municipio,,,ANTIOQUIA|BETULIA
05,ANTIOQUIA,05101,CIUDAD BOLÍVAR,Municipio,,,ANTIOQUIA|CIUDAD BOLIVAR
05,ANTIOQUIA,05107,BRICEÑO,Municipio,,,ANTIOQUIA|BRICENO
05,ANTIOQUIA,05113,BURITICÁ,Municipio,,,ANTIOQUIA|BURITICA
05,ANTIOQUIA,05120,CÁCERES,Municipio,,,ANTIOQUIA|CACERES
05,ANTIOQUIA,05125,CAICEDO,Municipio,,,ANTIOQUIA|CAICEDO
05,ANTIOQUIA,05129,CALDAS,Municipio,,,ANTIOQUIA|CALDAS
05,ANTIOQUIA,05134,CAMPAMENTO,Municipio,,,ANTIOQUIA|CAMPAMENTO
05,ANTIOQUIA,05138,CAÑASGORDAS,Municipio,,,ANTIOQUIA|CANASGORDAS
05,ANTIOQUIA,05142,CARACOLÍ,Municipio,,,ANTIOQUIA|CARACOLI
05,ANTIOQUIA,05145,CARAMANTA,Municipio,,,ANTIOQUIA|CARAMANTA
05,ANTIOQUIA,05147,CAREPA,Municipio,,,ANTIOQUIA|CAREPA
05,ANTIOQUIA,05148,EL CARMEN DE VIBORAL,Municipio,,,ANTIOQUIA|EL CARMEN DE VIBORAL
05,ANTIOQUIA,05150,CAROLINA,Municipio,,,ANTIOQUIA|CAROLINA
05,ANTIOQUIA,05154,CAUCASIA,Municipio,,,ANTIOQUIA|CAUCASIA
05,ANTIOQUIA,05172,CHIGORODÓ,Municipio,,,ANTIOQUIA|CHIGORODO
05,ANTIOQUIA,05190,CISNEROS,Municipio,,,ANTIOQUIA|CISNEROS
05,ANTIOQUIA,05197,COCORNÁ,Municipio,,,ANTIOQUIA|COCORNA
05,ANTIOQUIA,05206,CONCEPCIÓN,Municipio,,,ANTIOQUIA|CONCEPCION
05,ANTIOQUIA,05209,CONCORDIA,Municipio,,,ANTIOQUIA|CONCORDIA
05,ANTIOQUIA,05212,COPACABANA,Municipio,,,ANTIOQUIA|COPACABANA
05,ANTIOQUIA,05234,DABEIBA,Municipio,,,ANTIOQUIA|DABEIBA
05,ANTIOQUIA,05237,DONMATÍAS,Municipio,,,ANTIOQUIA|DONMATIAS
05,ANTIOQUIA,05240,EBÉJICO,Municipio,,,ANTIOQUIA|EBEJICO
05,ANTIOQUIA,05250,EL BAGRE,Municipio,,,ANTIOQUIA|EL BAGRE
05,ANTIOQUIA,05264,ENTRERRÍOS,Municipio,,,ANTIOQUIA|ENTRERRIOS
05,ANTIOQUIA,05266,ENVIGADO,Municipio,,,ANTIOQUIA|ENVIGADO
05,ANTIOQUIA,05282,FREDONIA,Municipio,,,ANTIOQUIA|FREDONIA
05,ANTIOQUIA,05284,FRONTINO,Municipio,,,ANTIOQUIA|FRONTINO
05,ANTIOQUIA,05306,GIRALDO,Municipio,,,ANTIOQUIA|GIRALDO
05,ANTIOQUIA,05308,GIRARDOTA,Municipio,,,ANTIOQUIA|GIRARDOTA
05,ANTIOQUIA,05310,GÓMEZ PLATA,Municipio,,,ANTIOQUIA|GOMEZ PLATA
05,ANTIOQUIA,05313,GRANADA,Municipio,,,ANTIOQUIA|GRANADA
05,ANTIOQUIA,05315,GUADALUPE,Municipio,,,ANTIOQUIA|GUADALUPE
05,ANTIOQUIA,05318,GUARNE,Municipio,,,ANTIOQUIA|GUARNE
05,ANTIOQUIA,05321,GUATAPÉ,Municipio,,,ANTIOQUIA|GUATAPE
05,ANTIOQUIA,05347,HELICONIA,Municipio,,,ANTIOQUIA|HELICONIA
05,ANTIOQUIA,05353,HISPANIA,Municipio,,,ANTIOQUIA|HISPANIA
05,ANTIOQUIA,05360,ITAGÜÍ,Municipio,,,ANTIOQUIA|ITAGUI
05,ANTIOQUIA,05361,ITUANGO,Municipio,,,ANTIOQUIA|ITUANGO
05,ANTIOQUIA,05364,JARDÍN,Municipio,,,ANTIOQUIA|JARDIN
05,ANTIOQUIA,05368,JERICÓ,Municipio,,,ANTIOQUIA|JERICO
05,ANTIOQUIA,05376,LA CEJA,Municipio,,,ANTIOQUIA|LA CEJA
05,ANTIOQUIA,05380,LA ESTRELLA,Municipio,,,ANTIOQUIA|LA ESTRELLA
05,ANTIOQUIA,05390,LA PINTADA,Municipio,,,ANTIOQUIA|LA PINTADA
05,ANTIOQUIA,05400,LA UNIÓN,Municipio,,,ANTIOQUIA|LA UNION
05,ANTIOQUIA,05411,LIBORINA,Municipio,,,ANTIOQUIA|LIBORINA
05,ANTIOQUIA,05425,MACEO,Municipio,,,ANTIOQUIA|MACEO
05,ANTIOQUIA,05440,MARINILLA,Municipio,,,ANTIOQUIA|MARINILLA
05,ANTIOQUIA,05467,MONTEBELLO,Municipio,,,ANTIOQUIA|MONTEBELLO
05,ANTIOQUIA,05475,MURINDÓ,Municipio,,,ANTIOQUIA|MURINDO
05,ANTIOQUIA,05480,MUTATÁ,Municipio,,,ANTIOQUIA|MUTATA
05,ANTIOQUIA,05483,NARIÑO,Municipio,,,ANTIOQUIA|NARINO
05,ANTIOQUIA,05490,NECOCLÍ,Municipio,,,ANTIOQUIA|NECOCLI
05,ANTIOQUIA,05495,NECHÍ,Municipio,,,ANTIOQUIA|NECHI
05,ANTIOQUIA,05501,OLAYA,Municipio,,,ANTIOQUIA|OLAYA
05,ANTIOQUIA,05541,PEÑOL,Municipio,,,ANTIOQUIA|PENOL
05,ANTIOQUIA,05543,PEQUE,Municipio,,,ANTIOQUIA|PEQUE
05,ANTIOQUIA,05576,PUEBLORRICO,Municipio,,,ANTIOQUIA|PUEBLORRICO
05,ANTIOQUIA,05579,PUERTO BERRÍO,Municipio,,,ANTIOQUIA|PUERTO BERRIO
05,ANTIOQUIA,05585,PUERTO NARE,Municipio,,,ANTIOQUIA|PUERTO NARE
05,ANTIOQUIA,05591,PUERTO TRIUNFO,Municipio,,,ANTIOQUIA|PUERTO TRIUNFO
05,ANTIOQUIA,05604,REMEDIOS,Municipio,,,ANTIOQUIA|REMEDIOS
05,ANTIOQUIA,05607,RETIRO,Municipio,,,ANTIOQUIA|RETIRO
05,ANTIOQUIA,05615,RIONEGRO,Municipio,,,ANTIOQUIA|RIONEGRO
05,ANTIOQUIA,05628,SABANALARGA,Municipio,,,ANTIOQUIA|SABANALARGA
05,ANTIOQUIA,05631,SABANETA,Municipio,,,ANTIOQUIA|SABANETA
05,ANTIOQUIA,05642,SALGAR,Municipio,,,ANTIOQUIA|SALGAR
05,ANTIOQUIA,05647,SAN ANDRÉS DE CUERQUÍA,Municipio,,,ANTIOQUIA|SAN ANDRES DE CUERQUIA
05,ANTIOQUIA,05649,SAN CARLOS,Municipio,,,ANTIOQUIA|SAN CARLOS
05,ANTIOQUIA,05652,SAN FRANCISCO,Municipio,,,ANTIOQUIA|SAN FRANCISCO
05,ANTIOQUIA,05656,SAN JERÓNIMO,Municipio,,,ANTIOQUIA|SAN JERONIMO
05,ANTIOQUIA,05658,SAN JOSÉ DE LA MONTAÑA,Municipio,,,ANTIOQUIA|SAN JOSE DE LA MONTANA
05,ANTIOQUIA,05659,SAN JUAN DE URABÁ,Municipio,,,ANTIOQUIA|SAN JUAN DE URABA
05,ANTIOQUIA,05660,SAN LUIS,Municipio,,,ANTIOQUIA|SAN LUIS
05,ANTIOQUIA,05664,SAN PEDRO DE LOS MILAGROS,Municipio,,,ANTIOQUIA|SAN PEDRO DE LOS MILAGROS
05,ANTIOQUIA,05665,SAN PEDRO DE URABÁ,Municipio,,,ANTIOQUIA|SAN PEDRO DE URABA
05,ANTIOQUIA,05667,SAN RAFAEL,Municipio,,,ANTIOQUIA|SAN RAFAEL
05,ANTIOQUIA,05670,SAN ROQUE,Municipio,,,ANTIOQUIA|SAN ROQUE
05,ANTIOQUIA,05674,SAN VICENTE FERRER,Municipio,,,ANTIOQUIA|SAN VICENTE FERRER
05,ANTIOQUIA,05679,SANTA BÁRBARA,Municipio,,,ANTIOQUIA|SANTA BARBARA
05,ANTIOQUIA,05686,SANTA ROSA DE OSOS,Municipio,,,ANTIOQUIA|SANTA ROSA DE OSOS
05,ANTIOQUIA,05690,SANTO DOMINGO,Municipio,,,ANTIOQUIA|SANTO DOMINGO
05,ANTIOQUIA,05697,EL SANTUARIO,Municipio,,,ANTIOQUIA|EL SANTUARIO
05,ANTIOQUIA,05736,SEGOVIA,Municipio,,,ANTIOQUIA|SEGOVIA
05,ANTIOQUIA,05756,SONSÓN,Municipio,,,ANTIOQUIA|SONSON
05,ANTIOQUIA,05761,SOPETRÁN,Municipio,,,ANTIOQUIA|SOPETRAN
05,ANTIOQUIA,05789,TÁMESIS,Municipio,,,ANTIOQUIA|TAMESIS
05,ANTIOQUIA,05790,TARAZÁ,Municipio,,,ANTIOQUIA|TARAZA
05,ANTIOQUIA,05792,TARSO,Municipio,,,ANTIOQUIA|TARSO
05,ANTIOQUIA,05809,TITIRIBÍ,Municipio,,,ANTIOQUIA|TITIRIBI
05,ANTIOQUIA,05819,TOLEDO,Municipio,,,ANTIOQUIA|TOLEDO
05,ANTIOQUIA,05837,TURBO,Municipio,,,ANTIOQUIA|TURBO
05,ANTIOQUIA,05842,URAMITA,Municipio,,,ANTIOQUIA|URAMITA
05,ANTIOQUIA,05847,URRAO,Municipio,,,ANTIOQUIA|URRAO
05,ANTIOQUIA,05854,VALDIVIA,Municipio,,,ANTIOQUIA|VALDIVIA
05,ANTIOQUIA,05856,VALPARAÍSO,Municipio,,,ANTIOQUIA|VALPARAISO
05,ANTIOQUIA,05858,VEGACHÍ,Municipio,,,ANTIOQUIA|VEGACHI
05,ANTIOQUIA,05861,VENECIA,Municipio,,,ANTIOQUIA|VENECIA
05,ANTIOQUIA,05873,VIGÍA DEL FUERTE,Municipio,,,ANTIOQUIA|VIGIA DEL FUERTE
05,ANTIOQUIA,05885,YALÍ,Municipio,,,ANTIOQUIA|YALI
05,ANTIOQUIA,05887,YARUMAL,Municipio,,,ANTIOQUIA|YARUMAL
05,ANTIOQUIA,05890,YOLOMBÓ,Municipio,,,ANTIOQUIA|YOLOMBO
05,ANTIOQUIA,05893,YONDÓ,Municipio,,,ANTIOQUIA|YONDO
05,ANTIOQUIA,05895,ZARAGOZA,Municipio,,,ANTIOQUIA|ZARAGOZA
08,ATLÁNTICO,08001,BARRANQUILLA,Municipio,,,ATLANTICO|BARRANQUILLA
08,ATLÁNTICO,08078,BARANOA,Municipio,,,ATLANTICO|BARANOA
08,ATLÁNTICO,08137,CAMPO DE LA CRUZ,Municipio,,,ATLANTICO|CAMPO DE LA CRUZ
08,ATLÁNTICO,08141,CANDELARIA,Municipio,,,ATLANTICO|CANDELARIA
08,ATLÁNTICO,08296,GALAPA,Municipio,,,ATLANTICO|GALAPA
08,ATLÁNTICO,08372,JUAN DE ACOSTA,Municipio,,,ATLANTICO|JUAN DE ACOSTA
08,ATLÁNTICO,08421,LURUACO,Municipio,,,ATLANTICO|LURUACO
08,ATLÁNTICO,08433,MALAMBO,Municipio,,,ATLANTICO|MALAMBO
08,ATLÁNTICO,08436,MANATÍ,Municipio,,,ATLANTICO|MANATI
08,ATLÁNTICO,08520,PALMAR DE VARELA,Municipio,,,ATLANTICO|PALMAR DE VARELA
08,ATLÁNTICO,08549,PIOJÓ,Municipio,,,ATLANTICO|PIOJO
08,ATLÁNTICO,08558,POLONUEVO,Municipio,,,ATLANTICO|POLONUEVO
08,ATLÁNTICO,08560,PONEDERA,Municipio,,,ATLANTICO|PONEDERA
08,ATLÁNTICO,08573,PUERTO COLOMBIA,Municipio,,,ATLANTICO|PUERTO COLOMBIA
08,ATLÁNTICO,08606,REPELÓN,Municipio,,,ATLANTICO|REPELON
08,ATLÁNTICO,08634,SABANAGRANDE,Municipio,,,ATLANTICO|SABANAGRANDE
08,ATLÁNTICO,08638,SABANALARGA,Municipio,,,ATLANTICO|SABANALARGA
08,ATLÁNTICO,08675,SANTA LUCÍA,Municipio,,,ATLANTICO|SANTA LUCIA
08,ATLÁNTICO,08685,SANTO TOMÁS,Municipio,,,ATLANTICO|SANTO TOMAS
08,ATLÁNTICO,08758,SOLEDAD,Municipio,,,ATLANTICO|SOLEDAD
08,ATLÁNTICO,08770,SUAN,Municipio,,,ATLANTICO|SUAN
08,ATLÁNTICO,08832,TUBARÁ,Municipio,,,ATLANTICO|TUBARA
08,ATLÁNTICO,08849,USIACURÍ,Municipio,,,ATLANTICO|USIACURI
11,"BOGOTÁ, D.C.",11001,"BOGOTÁ, D.C.",Municipio,,,BOGOTA D C|BOGOTA D C
13,BOLÍVAR,13001,CARTAGENA DE INDIAS,Municipio,,,BOLIVAR|CARTAGENA DE INDIAS
13,BOLÍVAR,13006,ACHÍ,Municipio,,,BOLIVAR|ACHI
13,BOLÍVAR,13030,ALTOS DEL ROSARIO,Municipio,,,BOLIVAR|ALTOS DEL ROSARIO
13,BOLÍVAR,13042,ARENAL,Municipio,,,BOLIVAR|ARENAL
13,BOLÍVAR,13052,ARJONA,Municipio,,,BOLIVAR|ARJONA
13,BOLÍVAR,13062,ARROYOHONDO,Municipio,,,BOLIVAR|ARROYOHONDO
13,BOLÍVAR,13074,BARRANCO DE LOBA,Municipio,,,BOLIVAR|BARRANCO DE LOBA
13,BOLÍVAR,13140,CALAMAR,Municipio,,,BOLIVAR|CALAMAR
13,BOLÍVAR,13160,CANTAGALLO,Municipio,,,BOLIVAR|CANTAGALLO
13,BOLÍVAR,13188,CICUCO,Municipio,,,BOLIVAR|CICUCO
13,BOLÍVAR,13212,CÓRDOBA,Municipio,,,BOLIVAR|CORDOBA
13,BOLÍVAR,13222,CLEMENCIA,Municipio,,,BOLIVAR|CLEMENCIA
13,BOLÍVAR,13244,EL CARMEN DE BOLÍVAR,Municipio,,,BOLIVAR|EL CARMEN DE BOLIVAR
13,BOLÍVAR,13248,EL GUAMO,Municipio,,,BOLIVAR|EL GUAMO
13,BOLÍVAR,13268,EL PEÑÓN,Municipio,,,BOLIVAR|EL PENON
13,BOLÍVAR,13300,HATILLO DE LOBA,Municipio,,,BOLIVAR|HATILLO DE LOBA
13,BOLÍVAR,13430,MAGANGUÉ,Municipio,,,BOLIVAR|MAGANGUE
13,BOLÍVAR,13433,MAHATES,Municipio,,,BOLIVAR|MAHATES
13,BOLÍVAR,13440,MARGARITA,Municipio,,,BOLIVAR|MARGARITA
13,BOLÍVAR,13442,MARÍA LA BAJA,Municipio,,,BOLIVAR|MARIA LA BAJA
13,BOLÍVAR,13458,MONTECRISTO,Municipio,,,BOLIVAR|MONTECRISTO
13,BOLÍVAR,13468,SANTA CRUZ DE MOMPOX,Municipio,,,BOLIVAR|SANTA CRUZ DE MOMPOX
13,BOLÍVAR,13473,MORALES,Municipio,,,BOLIVAR|MORALES
13,BOLÍVAR,13490,NOROSÍ,Municipio,,,BOLIVAR|NOROSI
13,BOLÍVAR,13549,PINILLOS,Municipio,,,BOLIVAR|PINILLOS
13,BOLÍVAR,13580,REGIDOR,Municipio,,,BOLIVAR|REGIDOR
13,BOLÍVAR,13600,RÍO VIEJO,Municipio,,,BOLIVAR|RIO VIEJO
13,BOLÍVAR,13620,SAN CRISTÓBAL,Municipio,,,BOLIVAR|SAN CRISTOBAL
13,BOLÍVAR,13647,SAN ESTANISLAO,Municipio,,,BOLIVAR|SAN ESTANISLAO
13,BOLÍVAR,13650,SAN FERNANDO,Municipio,,,BOLIVAR|SAN FERNANDO
13,BOLÍVAR,13654,SAN JACINTO,Municipio,,,BOLIVAR|SAN JACINTO
13,BOLÍVAR,13655,SAN JACINTO DEL CAUCA,Municipio,,,BOLIVAR|SAN JACINTO DEL CAUCA
13,BOLÍVAR,13657,SAN JUAN NEPOMUCENO,Municipio,,,BOLIVAR|SAN JUAN NEPOMUCENO
13,BOLÍVAR,13667,SAN MARTÍN DE LOBA,Municipio,,,BOLIVAR|SAN MARTIN DE LOBA
13,BOLÍVAR,13670,SAN PABLO,Municipio,,,BOLIVAR|SAN PABLO
13,BOLÍVAR,13673,SANTA CATALINA,Municipio,,,BOLIVAR|SANTA CATALINA
13,BOLÍVAR,13683,SANTA ROSA,Municipio,,,BOLIVAR|SANTA ROSA
13,BOLÍVAR,13688,SANTA ROSA DEL SUR,Municipio,,,BOLIVAR|SANTA ROSA DEL SUR
13,BOLÍVAR,13744,SIMITÍ,Municipio,,,BOLIVAR|SIMITI
13,BOLÍVAR,13760,SOPLAVIENTO,Municipio,,,BOLIVAR|SOPLAVIENTO
13,BOLÍVAR,13780,TALAIGUA NUEVO,Municipio,,,BOLIVAR|TALAIGUA NUEVO
13,BOLÍVAR,13810,TIQUISIO,Municipio,,,BOLIVAR|TIQUISIO
13,BOLÍVAR,13836,TURBACO,Municipio,,,BOLIVAR|TURBACO
13,BOLÍVAR,13838,TURBANÁ,Municipio,,,BOLIVAR|TURBANA
13,BOLÍVAR,13873,VILLANUEVA,Municipio,,,BOLIVAR|VILLANUEVA
13,BOLÍVAR,13894,ZAMBRANO,Municipio,,,BOLIVAR|ZAMBRANO
15,BOYACÁ,15001,TUNJA,Municipio,,,BOYACA|TUNJA
15,BOYACÁ,15022,ALMEIDA,Municipio,,,BOYACA|ALMEIDA
15,BOYACÁ,15047,AQUITANIA,Municipio,,,BOYACA|AQUITANIA
15,BOYACÁ,15051,ARCABUCO,Municipio,,,BOYACA|ARCABUCO
15,BOYACÁ,15087,BELÉN,Municipio,,,BOYACA|BELEN
15,BOYACÁ,15090,BERBEO,Municipio,,,BOYACA|BERBEO
15,BOYACÁ,15092,BETÉITIVA,Municipio,,,BOYACA|BETEITIVA
15,BOYACÁ,15097,BOAVITA,Municipio,,,BOYACA|BOAVITA
15,BOYACÁ,15104,BOYACÁ,Municipio,,,BOYACA|BOYACA
15,BOYACÁ,15106,BRICEÑO,Municipio,,,BOYACA|BRICENO
15,BOYACÁ,15109,BUENAVISTA,Municipio,,,BOYACA|BUENAVISTA
15,BOYACÁ,15114,BUSBANZÁ,Municipio,,,BOYACA|BUSBANZA
15,BOYACÁ,15131,CALDAS,Municipio,,,BOYACA|CALDAS
15,BOYACÁ,15135,CAMPOHERMOSO,Municipio,,,BOYACA|CAMPOHERMOSO
15,BOYACÁ,15162,CERINZA,Municipio,,,BOYACA|CERINZA
15,BOYACÁ,15172,CHINAVITA,Municipio,,,BOYACA|CHINAVITA
15,BOYACÁ,15176,CHIQUINQUIRÁ,Municipio,,,BOYACA|CHIQUINQUIRA
15,BOYACÁ,15180,CHISCAS,Municipio,,,BOYACA|CHISCAS
15,BOYACÁ,15183,CHITA,Municipio,,,BOYACA|CHITA
15,BOYACÁ,15185,CHITARAQUE,Municipio,,,BOYACA|CHITARAQUE
15,BOYACÁ,15187,CHIVATÁ,Municipio,,,BOYACA|CHIVATA
15,BOYACÁ,15189,CIÉNEGA,Municipio,,,BOYACA|CIENEGA
15,BOYACÁ,15204,CÓMBITA,Municipio,,,BOYACA|COMBITA
15,BOYACÁ,15212,COPER,Municipio,,,BOYACA|COPER
15,BOYACÁ,15215,CORRALES,Municipio,,,BOYACA|CORRALES
15,BOYACÁ,15218,COVARACHÍA,Municipio,,,BOYACA|COVARACHIA
15,BOYACÁ,15223,CUBARÁ,Municipio,,,BOYACA|CUBARA
15,BOYACÁ,15224,CUCAITA,Municipio,,,BOYACA|CUCAITA
15,BOYACÁ,15226,CUÍTIVA,Municipio,,,BOYACA|CUITIVA
15,BOYACÁ,15232,CHÍQUIZA,Municipio,,,BOYACA|CHIQUIZA
15,BOYACÁ,15236,CHIVOR,Municipio,,,BOYACA|CHIVOR
15,BOYACÁ,15238,DUITAMA,Municipio,,,BOYACA|DUITAMA
15,BOYACÁ,15244,EL COCUY,Municipio,,,BOYACA|EL COCUY
15,BOYACÁ,15248,EL ESPINO,Municipio,,,BOYACA|EL ESPINO
15,BOYACÁ,15272,FIRAVITOBA,Municipio,,,BOYACA|FIRAVITOBA
15,BOYACÁ,15276,FLORESTA,Municipio,,,BOYACA|FLORESTA
15,BOYACÁ,15293,GACHANTIVÁ,Municipio,,,BOYACA|GACHANTIVA
15,BOYACÁ,15296,GÁMEZA,Municipio,,,BOYACA|GAMEZA
15,BOYACÁ,15299,GARAGOA,Municipio,,,BOYACA|GARAGOA
15,BOYACÁ,15317,GUACAMAYAS,Municipio,,,BOYACA|GUACAMAYAS
15,BOYACÁ,15322,GUATEQUE,Municipio,,,BOYACA|GUATEQUE
15,BOYACÁ,15325,GUAYATÁ,Municipio,,,BOYACA|GUAYATA
15,BOYACÁ,15332,GÜICÁN DE LA SIERRA,Municipio,,,BOYACA|GUICAN DE LA SIERRA
15,BOYACÁ,15362,IZA,Municipio,,,BOYACA|IZA
15,BOYACÁ,15367,JENESANO,Municipio,,,BOYACA|JENESANO
15,BOYACÁ,15368,JERICÓ,Municipio,,,BOYACA|JERICO
15,BOYACÁ,15377,LABRANZAGRANDE,Municipio,,,BOYACA|LABRANZAGRANDE
15,BOYACÁ,15380,LA CAPILLA,Municipio,,,BOYACA|LA CAPILLA
15,BOYACÁ,15401,LA VICTORIA,Municipio,,,BOYACA|LA VICTORIA
15,BOYACÁ,15403,LA UVITA,Municipio,,,BOYACA|LA UVITA
15,BOYACÁ,15407,VILLA DE LEYVA,Municipio,,,BOYACA|VILLA DE LEYVA
15,BOYACÁ,15425,MACANAL,Municipio,,,BOYACA|MACANAL
15,BOYACÁ,15442,MARIPÍ,Municipio,,,BOYACA|MARIPI
15,BOYACÁ,15455,MIRAFLORES,Municipio,,,BOYACA|MIRAFLORES
15,BOYACÁ,15464,MONGUA,Municipio,,,BOYACA|MONGUA
15,BOYACÁ,15466,MONGUÍ,Municipio,,,BOYACA|MONGUI
15,BOYACÁ,15469,MONIQUIRÁ,Municipio,,,BOYACA|MONIQUIRA
15,BOYACÁ,15476,MOTAVITA,Municipio,,,BOYACA|MOTAVITA
15,BOYACÁ,15480,MUZO,Municipio,,,BOYACA|MUZO
15,BOYACÁ,15491,NOBSA,Municipio,,,BOYACA|NOBSA
15,BOYACÁ,15494,NUEVO COLÓN,Municipio,,,BOYACA|NUEVO COLON
15,BOYACÁ,15500,OICATÁ,Municipio,,,BOYACA|OICATA
15,BOYACÁ,15507,OTANCHE,Municipio,,,BOYACA|OTANCHE
15,BOYACÁ,15511,PACHAVITA,Municipio,,,BOYACA|PACHAVITA
15,BOYACÁ,15514,PÁEZ,Municipio,,,BOYACA|PAEZ
15,BOYACÁ,15516,PAIPA,Municipio,,,BOYACA|PAIPA
15,BOYACÁ,15518,PAJARITO,Municipio,,,BOYACA|PAJARITO
15,BOYACÁ,15522,PANQUEBA,Municipio,,,BOYACA|PANQUEBA
15,BOYACÁ,15531,PAUNA,Municipio,,,BOYACA|PAUNA
15,BOYACÁ,15533,PAYA,Municipio,,,BOYACA|PAYA
15,BOYACÁ,15537,PAZ DE RÍO,Municipio,,,BOYACA|PAZ DE RIO
15,BOYACÁ,15542,PESCA,Municipio,,,BOYACA|PESCA
15,BOYACÁ,15550,PISBA,Municipio,,,BOYACA|PISBA
15,BOYACÁ,15572,PUERTO BOYACÁ,Municipio,,,BOYACA|PUERTO BOYACA
15,BOYACÁ,15580,QUÍPAMA,Municipio,,,BOYACA|QUIPAMA
15,BOYACÁ,15599,RAMIRIQUÍ,Municipio,,,BOYACA|RAMIRIQUI
15,BOYACÁ,15600,RÁQUIRA,Municipio,,,BOYACA|RAQUIRA
15,BOYACÁ,15621,RONDÓN,Municipio,,,BOYACA|RONDON
15,BOYACÁ,15632,SABOYÁ,Municipio,,,BOYACA|SABOYA
15,BOYACÁ,15638,SÁCHICA,Municipio,,,BOYACA|SACHICA
15,BOYACÁ,15646,SAMACÁ,Municipio,,,BOYACA|SAMACA
15,BOYACÁ,15660,SAN EDUARDO,Municipio,,,BOYACA|SAN EDUARDO
15,BOYACÁ,15664,SAN JOSÉ DE PARE,Municipio,,,BOYACA|SAN JOSE DE PARE
15,BOYACÁ,15667,SAN LUIS DE GACENO,Municipio,,,BOYACA|SAN LUIS DE GACENO
15,BOYACÁ,15673,SAN MATEO,Municipio,,,BOYACA|SAN MATEO
15,BOYACÁ,15676,SAN MIGUEL DE SEMA,Municipio,,,BOYACA|SAN MIGUEL DE SEMA
15,BOYACÁ,15681,SAN PABLO DE BORBUR,Municipio,,,BOYACA|SAN PABLO DE BORBUR
15,BOYACÁ,15686,SANTANA,Municipio,,,BOYACA|SANTANA
15,BOYACÁ,15690,SANTA MARÍA,Municipio,,,BOYACA|SANTA MARIA
15,BOYACÁ,15693,SANTA ROSA DE VITERBO,Municipio,,,BOYACA|SANTA ROSA DE VITERBO
15,BOYACÁ,15696,SANTA SOFÍA,Municipio,,,BOYACA|SANTA SOFIA
15,BOYACÁ,15720,SATIVANORTE,Municipio,,,BOYACA|SATIVANORTE
15,BOYACÁ,15723,SATIVASUR,Municipio,,,BOYACA|SATIVASUR
15,BOYACÁ,15740,SIACHOQUE,Municipio,,,BOYACA|SIACHOQUE
15,BOYACÁ,15753,SOATÁ,Municipio,,,BOYACA|SOATA
15,BOYACÁ,15755,SOCOTÁ,Municipio,,,BOYACA|SOCOTA
15,BOYACÁ,15757,SOCHA,Municipio,,,BOYACA|SOCHA
15,BOYACÁ,15759,SOGAMOSO,Municipio,,,BOYACA|SOGAMOSO
15,BOYACÁ,15761,SOMONDOCO,Municipio,,,BOYACA|SOMONDOCO
15,BOYACÁ,15762,SORA,Municipio,,,BOYACA|SORA
15,BOYACÁ,15763,SOTAQUIRÁ,Municipio,,,BOYACA|SOTAQUIRA
15,BOYACÁ,15764,SORACÁ,Municipio,,,BOYACA|SORACA
15,BOYACÁ,15774,SUSACÓN,Municipio,,,BOYACA|SUSACON
15,BOYACÁ,15776,SUTAMARCHÁN,Municipio,,,BOYACA|SUTAMARCHAN
15,BOYACÁ,15778,SUTATENZA,Municipio,,,BOYACA|SUTATENZA
15,BOYACÁ,15790,TASCO,Municipio,,,BOYACA|TASCO
15,BOYACÁ,15798,TENZA,Municipio,,,BOYACA|TENZA
15,BOYACÁ,15804,TIBANÁ,Municipio,,,BOYACA|TIBANA
15,BOYACÁ,15806,TIBASOSA,Municipio,,,BOYACA|TIBASOSA
15,BOYACÁ,15808,TINJACÁ,Municipio,,,BOYACA|TINJACA
15,BOYACÁ,15810,TIPACOQUE,Municipio,,,BOYACA|TIPACOQUE
15,BOYACÁ,15814,TOCA,Municipio,,,BOYACA|TOCA
15,BOYACÁ,15816,TOGÜÍ,Municipio,,,BOYACA|TOGUI
15,BOYACÁ,15820,TÓPAGA,Municipio,,,BOYACA|TOPAGA
15,BOYACÁ,15822,TOTA,Municipio,,,BOYACA|TOTA
15,BOYACÁ,15832,TUNUNGUÁ,Municipio,,,BOYACA|TUNUNGUA
15,BOYACÁ,15835,TURMEQUÉ,Municipio,,,BOYACA|TURMEQUE
15,BOYACÁ,15837,TUTA,Municipio,,,BOYACA|TUTA
15,BOYACÁ,15839,TUTAZÁ,Municipio,,,BOYACA|TUTAZA
15,BOYACÁ,15842,ÚMBITA,Municipio,,,BOYACA|UMBITA
15,BOYACÁ,15861,VENTAQUEMADA,Municipio,,,BOYACA|VENTAQUEMADA
15,BOYACÁ,15879,VIRACACHÁ,Municipio,,,BOYACA|VIRACACHA
15,BOYACÁ,15897,ZETAQUIRA,Municipio,,,BOYACA|ZETAQUIRA
17,CALDAS,17001,MANIZALES,Municipio,,,CALDAS|MANIZALES
17,CALDAS,17013,AGUADAS,Municipio,,,CALDAS|AGUADAS
17,CALDAS,17042,ANSERMA,Municipio,,,CALDAS|ANSERMA
17,CALDAS,17050,ARANZAZU,Municipio,,,CALDAS|ARANZAZU
17,CALDAS,17088,BELALCÁZAR,Municipio,,,CALDAS|BELALCAZAR
17,CALDAS,17174,CHINCHINÁ,Municipio,,,CALDAS|CHINCHINA
17,CALDAS,17272,FILADELFIA,Municipio,,,CALDAS|FILADELFIA
17,CALDAS,17380,LA DORADA,Municipio,,,CALDAS|LA DORADA
17,CALDAS,17388,LA MERCED,Municipio,,,CALDAS|LA MERCED
17,CALDAS,17433,MANZANARES,Municipio,,,CALDAS|MANZANARES
17,CALDAS,17442,MARMATO,Municipio,,,CALDAS|MARMATO
17,CALDAS,17444,MARQUETALIA,Municipio,,,CALDAS|MARQUETALIA
17,CALDAS,17446,MARULANDA,Municipio,,,CALDAS|MARULANDA
17,CALDAS,17486,NEIRA,Municipio,,,CALDAS|NEIRA
17,CALDAS,17495,NORCASIA,Municipio,,,CALDAS|NORCASIA
17,CALDAS,17513,PÁCORA,Municipio,,,CALDAS|PACORA
17,CALDAS,17524,PALESTINA,Municipio,,,CALDAS|PALESTINA
17,CALDAS,17541,PENSILVANIA,Municipio,,,CALDAS|PENSILVANIA
17,CALDAS,17614,RIOSUCIO,Municipio,,,CALDAS|RIOSUCIO
17,CALDAS,17616,RISARALDA,Municipio,,,CALDAS|RISARALDA
17,CALDAS,17653,SALAMINA,Municipio,,,CALDAS|SALAMINA
17,CALDAS,17662,SAMANÁ,Municipio,,,CALDAS|SAMANA
17,CALDAS,17665,SAN JOSÉ,Municipio,,,CALDAS|SAN JOSE
17,CALDAS,17777,SUPÍA,Municipio,,,CALDAS|SUPIA
17,CALDAS,17867,VICTORIA,Municipio,,,CALDAS|VICTORIA
17,CALDAS,17873,VILLAMARÍA,Municipio,,,CALDAS|VILLAMARIA
17,CALDAS,17877,VITERBO,Municipio,,,CALDAS|VITERBO
18,CAQUETÁ,18001,FLORENCIA,Municipio,,,CAQUETA|FLORENCIA
18,CAQUETÁ,18029,ALBANIA,Municipio,,,CAQUETA|ALBANIA
18,CAQUETÁ,18094,BELÉN DE LOS ANDAQUÍES,Municipio,,,CAQUETA|BELEN DE LOS ANDAQUIES
18,CAQUETÁ,18150,CARTAGENA DEL CHAIRÁ,Municipio,,,CAQUETA|CARTAGENA DEL CHAIRA
18,CAQUETÁ,18205,CURILLO,Municipio,,,CAQUETA|CURILLO
18,CAQUETÁ,18247,EL DONCELLO,Municipio,,,CAQUETA|EL DONCELLO
18,CAQUETÁ,18256,EL PAUJÍL,Municipio,,,CAQUETA|EL PAUJIL
18,CAQUETÁ,18410,LA MONTAÑITA,Municipio,,,CAQUETA|LA MONTANITA
18,CAQUETÁ,18460,MILÁN,Municipio,,,CAQUETA|MILAN
18,CAQUETÁ,18479,MORELIA,Municipio,,,CAQUETA|MORELIA
18,CAQUETÁ,18592,PUERTO RICO,Municipio,,,CAQUETA|PUERTO RICO
18,CAQUETÁ,18610,SAN JOSÉ DEL FRAGUA,Municipio,,,CAQUETA|SAN JOSE DEL FRAGUA
18,CAQUETÁ,18753,SAN VICENTE DEL CAGUÁN,Municipio,,,CAQUETA|SAN VICENTE DEL CAGUAN
18,CAQUETÁ,18756,SOLANO,Municipio,,,CAQUETA|SOLANO
18,CAQUETÁ,18785,SOLITA,Municipio,,,CAQUETA|SOLITA
18,CAQUETÁ,18860,VALPARAÍSO,Municipio,,,CAQUETA|VALPARAISO
19,CAUCA,19001,POPAYÁN,Municipio,,,CAUCA|POPAYAN
19,CAUCA,19022,ALMAGUER,Municipio,,,CAUCA|ALMAGUER
19,CAUCA,19050,ARGELIA,Municipio,,,CAUCA|ARGELIA
19,CAUCA,19075,BALBOA,Municipio,,,CAUCA|BALBOA
19,CAUCA,19100,BOLÍVAR,Municipio,,,CAUCA|BOLIVAR
19,CAUCA,19110,BUENOS AIRES,Municipio,,,CAUCA|BUENOS AIRES
19,CAUCA,19130,CAJIBÍO,Municipio,,,CAUCA|CAJIBIO
19,CAUCA,19137,CALDONO,Municipio,,,CAUCA|CALDONO
19,CAUCA,19142,CALOTO,Municipio,,,CAUCA|CALOTO
19,CAUCA,19212,CORINTO,Municipio,,,CAUCA|CORINTO
19,CAUCA,19256,EL TAMBO,Municipio,,,CAUCA|EL TAMBO
19,CAUCA,19290,FLORENCIA,Municipio,,,CAUCA|FLORENCIA
19,CAUCA,19300,GUACHENÉ,Municipio,,,CAUCA|GUACHENE
19,CAUCA,19318,GUAPI,Municipio,,,CAUCA|GUAPI
19,CAUCA,19355,INZÁ,Municipio,,,CAUCA|INZA
19,CAUCA,19364,JAMBALÓ,Municipio,,,CAUCA|JAMBALO
19,CAUCA,19392,LA SIERRA,Municipio,,,CAUCA|LA SIERRA
19,CAUCA,19397,LA VEGA,Municipio,,,CAUCA|LA VEGA
19,CAUCA,19418,LÓPEZ DE MICAY,Municipio,,,CAUCA|LOPEZ DE MICAY
19,CAUCA,19450,MERCADERES,Municipio,,,CAUCA|MERCADERES
19,CAUCA,19455,MIRANDA,Municipio,,,CAUCA|MIRANDA
19,CAUCA,19473,MORALES,Municipio,,,CAUCA|MORALES
19,CAUCA,19513,PADILLA,Municipio,,,CAUCA|PADILLA
19,CAUCA,19517,PÁEZ,Municipio,,,CAUCA|PAEZ
19,CAUCA,19532,PATÍA,Municipio,,,CAUCA|PATIA
19,CAUCA,19533,PIAMONTE,Municipio,,,CAUCA|PIAMONTE
19,CAUCA,19548,PIENDAMÓ - TUNÍA,Municipio,,,CAUCA|PIENDAMO TUNIA
19,CAUCA,19573,PUERTO TEJADA,Municipio,,,CAUCA|PUERTO TEJADA
19,CAUCA,19585,PURACÉ,Municipio,,,CAUCA|PURACE
19,CAUCA,19622,ROSAS,Municipio,,,CAUCA|ROSAS
19,CAUCA,19693,SAN SEBASTIÁN,Municipio,,,CAUCA|SAN SEBASTIAN
19,CAUCA,19698,SANTANDER DE QUILICHAO,Municipio,,,CAUCA|SANTANDER DE QUILICHAO
19,CAUCA,19701,SANTA ROSA,Municipio,,,CAUCA|SANTA ROSA
19,CAUCA,19743,SILVIA,Municipio,,,CAUCA|SILVIA
19,CAUCA,19760,SOTARÁ - PAISPAMBA,Municipio,,,CAUCA|SOTARA PAISPAMBA
19,CAUCA,19780,SUÁREZ,Municipio,,,CAUCA|SUAREZ
19,CAUCA,19785,SUCRE,Municipio,,,CAUCA|SUCRE
19,CAUCA,19807,TIMBÍO,Municipio,,,CAUCA|TIMBIO
19,CAUCA,19809,TIMBIQUÍ,Municipio,,,CAUCA|TIMBIQUI
19,CAUCA,19821,TORIBÍO,Municipio,,,CAUCA|TORIBIO
19,CAUCA,19824,TOTORÓ,Municipio,,,CAUCA|TOTORO
19,CAUCA,19845,VILLA RICA,Municipio,,,CAUCA|VILLA RICA
20,CESAR,20001,VALLEDUPAR,Municipio,,,CESAR|VALLEDUPAR
20,CESAR,20011,AGUACHICA,Municipio,,,CESAR|AGUACHICA
20,CESAR,20013,AGUSTÍN CODAZZI,Municipio,,,CESAR|AGUSTIN CODAZZI
20,CESAR,20032,ASTREA,Municipio,,,CESAR|ASTREA
20,CESAR,20045,BECERRIL,Municipio,,,CESAR|BECERRIL
20,CESAR,20060,BOSCONIA,Municipio,,,CESAR|BOSCONIA
20,CESAR,20175,CHIMICHAGUA,Municipio,,,CESAR|CHIMICHAGUA
20,CESAR,20178,CHIRIGUANÁ,Municipio,,,CESAR|CHIRIGUANA
20,CESAR,20228,CURUMANÍ,Municipio,,,CESAR|CURUMANI
20,CESAR,20238,EL COPEY,Municipio,,,CESAR|EL COPEY
20,CESAR,20250,EL PASO,Municipio,,,CESAR|EL PASO
20,CESAR,20295,GAMARRA,Municipio,,,CESAR|GAMARRA
20,CESAR,20310,GONZÁLEZ,Municipio,,,CESAR|GONZALEZ
20,CESAR,20383,LA GLORIA,Municipio,,,CESAR|LA GLORIA
20,CESAR,20400,LA JAGUA DE IBIRICO,Municipio,,,CESAR|LA JAGUA DE IBIRICO
20,CESAR,20443,MANAURE BALCÓN DEL CESAR,Municipio,,,CESAR|MANAURE BALCON DEL CESAR
20,CESAR,20517,PAILITAS,Municipio,,,CESAR|PAILITAS
20,CESAR,20550,PELAYA,Municipio,,,CESAR|PELAYA
20,CESAR,20570,PUEBLO BELLO,Municipio,,,CESAR|PUEBLO BELLO
20,CESAR,20614,RÍO DE ORO,Municipio,,,CESAR|RIO DE ORO
20,CESAR,20621,LA PAZ,Municipio,,,CESAR|LA PAZ
20,CESAR,20710,SAN ALBERTO,Municipio,,,CESAR|SAN ALBERTO
20,CESAR,20750,SAN DIEGO,Municipio,,,CESAR|SAN DIEGO
20,CESAR,20770,SAN MARTÍN,Municipio,,,CESAR|SAN MARTIN
20,CESAR,20787,TAMALAMEQUE,Municipio,,,CESAR|TAMALAMEQUE
23,CÓRDOBA,23001,MONTERÍA,Municipio,,,CORDOBA|MONTERIA
23,CÓRDOBA,23068,AYAPEL,Municipio,,,CORDOBA|AYAPEL
23,CÓRDOBA,23079,BUENAVISTA,Municipio,,,CORDOBA|BUENAVISTA
23,CÓRDOBA,23090,CANALETE,Municipio,,,CORDOBA|CANALETE
23,CÓRDOBA,23162,CERETÉ,Municipio,,,CORDOBA|CERETE
23,CÓRDOBA,23168,CHIMÁ,Municipio,,,CORDOBA|CHIMA
23,CÓRDOBA,23182,CHINÚ,Municipio,,,CORDOBA|CHINU
23,CÓRDOBA,23189,CIÉNAGA DE ORO,Municipio,,,CORDOBA|CIENAGA DE ORO
23,CÓRDOBA,23300,COTORRA,Municipio,,,CORDOBA|COTORRA
23,CÓRDOBA,23350,LA APARTADA,Municipio,,,CORDOBA|LA APARTADA
23,CÓRDOBA,23417,LORICA,Municipio,,,CORDOBA|LORICA
23,CÓRDOBA,23419,LOS CÓRDOBAS,Municipio,,,CORDOBA|LOS CORDOBAS
23,CÓRDOBA,23464,MOMIL,Municipio,,,CORDOBA|MOMIL
23,CÓRDOBA,23466,MONTELÍBANO,Municipio,,,CORDOBA|MONTELIBANO
23,CÓRDOBA,23500,MOÑITOS,Municipio,,,CORDOBA|MONITOS
23,CÓRDOBA,23555,PLANETA RICA,Municipio,,,CORDOBA|PLANETA RICA
23,CÓRDOBA,23570,PUEBLO NUEVO,Municipio,,,CORDOBA|PUEBLO NUEVO
23,CÓRDOBA,23574,PUERTO ESCONDIDO,Municipio,,,CORDOBA|PUERTO ESCONDIDO
23,CÓRDOBA,23580,PUERTO LIBERTADOR,Municipio,,,CORDOBA|PUERTO LIBERTADOR
23,CÓRDOBA,23586,PURÍSIMA DE LA CONCEPCIÓN,Municipio,,,CORDOBA|PURISIMA DE LA CONCEPCION
23,CÓRDOBA,23660,SAHAGÚN,Municipio,,,CORDOBA|SAHAGUN
23,CÓRDOBA,23670,SAN ANDRÉS DE SOTAVENTO,Municipio,,,CORDOBA|SAN ANDRES DE SOTAVENTO
23,CÓRDOBA,23672,SAN ANTERO,Municipio,,,CORDOBA|SAN ANTERO
23,CÓRDOBA,23675,SAN BERNARDO DEL VIENTO,Municipio,,,CORDOBA|SAN BERNARDO DEL VIENTO
23,CÓRDOBA,23678,SAN CARLOS,Municipio,,,CORDOBA|SAN CARLOS
23,CÓRDOBA,23682,SAN JOSÉ DE URÉ,Municipio,,,CORDOBA|SAN JOSE DE URE
23,CÓRDOBA,23686,SAN PELAYO,Municipio,,,CORDOBA|SAN PELAYO
23,CÓRDOBA,23807,TIERRALTA,Municipio,,,CORDOBA|TIERRALTA
23,CÓRDOBA,23815,TUCHÍN,Municipio,,,CORDOBA|TUCHIN
23,CÓRDOBA,23855,VALENCIA,Municipio,,,CORDOBA|VALENCIA
25,CUNDINAMARCA,25001,AGUA DE DIOS,Municipio,,,CUNDINAMARCA|AGUA DE DIOS
25,CUNDINAMARCA,25019,ALBÁN,Municipio,,,CUNDINAMARCA|ALBAN
25,CUNDINAMARCA,25035,ANAPOIMA,Municipio,,,CUNDINAMARCA|ANAPOIMA
25,CUNDINAMARCA,25040,ANOLAIMA,Municipio,,,CUNDINAMARCA|ANOLAIMA
25,CUNDINAMARCA,25053,ARBELÁEZ,Municipio,,,CUNDINAMARCA|ARBELAEZ
25,CUNDINAMARCA,25086,BELTRÁN,Municipio,,,CUNDINAMARCA|BELTRAN
25,CUNDINAMARCA,25095,BITUIMA,Municipio,,,CUNDINAMARCA|BITUIMA
25,CUNDINAMARCA,25099,BOJACÁ,Municipio,,,CUNDINAMARCA|BOJACA
25,CUNDINAMARCA,25120,CABRERA,Municipio,,,CUNDINAMARCA|CABRERA
25,CUNDINAMARCA,25123,CACHIPAY,Municipio,,,CUNDINAMARCA|CACHIPAY
25,CUNDINAMARCA,25126,CAJICÁ,Municipio,,,CUNDINAMARCA|CAJICA
25,CUNDINAMARCA,25148,CAPARRAPÍ,Municipio,,,CUNDINAMARCA|CAPARRAPI
25,CUNDINAMARCA,25151,CÁQUEZA,Municipio,,,CUNDINAMARCA|CAQUEZA
25,CUNDINAMARCA,25154,CARMEN DE CARUPA,Municipio,,,CUNDINAMARCA|CARMEN DE CARUPA
25,CUNDINAMARCA,25168,CHAGUANÍ,Municipio,,,CUNDINAMARCA|CHAGUANI
25,CUNDINAMARCA,25175,CHÍA,Municipio,,,CUNDINAMARCA|CHIA
25,CUNDINAMARCA,25178,CHIPAQUE,Municipio,,,CUNDINAMARCA|CHIPAQUE
25,CUNDINAMARCA,25181,CHOACHÍ,Municipio,,,CUNDINAMARCA|CHOACHI
25,CUNDINAMARCA,25183,CHOCONTÁ,Municipio,,,CUNDINAMARCA|CHOCONTA
25,CUNDINAMARCA,25200,COGUA,Municipio,,,CUNDINAMARCA|COGUA
25,CUNDINAMARCA,25214,COTA,Municipio,,,CUNDINAMARCA|COTA
25,CUNDINAMARCA,25224,CUCUNUBÁ,Municipio,,,CUNDINAMARCA|CUCUNUBA
25,CUNDINAMARCA,25245,EL COLEGIO,Municipio,,,CUNDINAMARCA|EL COLEGIO
25,CUNDINAMARCA,25258,EL PEÑÓN,Municipio,,,CUNDINAMARCA|EL PENON
25,CUNDINAMARCA,25260,EL ROSAL,Municipio,,,CUNDINAMARCA|EL ROSAL
25,CUNDINAMARCA,25269,FACATATIVÁ,Municipio,,,CUNDINAMARCA|FACATATIVA
25,CUNDINAMARCA,25279,FÓMEQUE,Municipio,,,CUNDINAMARCA|FOMEQUE
25,CUNDINAMARCA,25281,FOSCA,Municipio,,,CUNDINAMARCA|FOSCA
25,CUNDINAMARCA,25286,FUNZA,Municipio,,,CUNDINAMARCA|FUNZA
25,CUNDINAMARCA,25288,FÚQUENE,Municipio,,,CUNDINAMARCA|FUQUENE
25,CUNDINAMARCA,25290,FUSAGASUGÁ,Municipio,,,CUNDINAMARCA|FUSAGASUGA
25,CUNDINAMARCA,25293,GACHALÁ,Municipio,,,CUNDINAMARCA|GACHALA
25,CUNDINAMARCA,25295,GACHANCIPÁ,Municipio,,,CUNDINAMARCA|GACHANCIPA
25,CUNDINAMARCA,25297,GACHETÁ,Municipio,,,CUNDINAMARCA|GACHETA
25,CUNDINAMARCA,25299,GAMA,Municipio,,,CUNDINAMARCA|GAMA
25,CUNDINAMARCA,25307,GIRARDOT,Municipio,,,CUNDINAMARCA|GIRARDOT
25,CUNDINAMARCA,25312,GRANADA,Municipio,,,CUNDINAMARCA|GRANADA
25,CUNDINAMARCA,25317,GUACHETÁ,Municipio,,,CUNDINAMARCA|GUACHETA
25,CUNDINAMARCA,25320,GUADUAS,Municipio,,,CUNDINAMARCA|GUADUAS
25,CUNDINAMARCA,25322,GUASCA,Municipio,,,CUNDINAMARCA|GUASCA
25,CUNDINAMARCA,25324,GUATAQUÍ,Municipio,,,CUNDINAMARCA|GUATAQUI
25,CUNDINAMARCA,25326,GUATAVITA,Municipio,,,CUNDINAMARCA|GUATAVITA
25,CUNDINAMARCA,25328,GUAYABAL DE SÍQUIMA,Municipio,,,CUNDINAMARCA|GUAYABAL DE SIQUIMA
25,CUNDINAMARCA,25335,GUAYABETAL,Municipio,,,CUNDINAMARCA|GUAYABETAL
25,CUNDINAMARCA,25339,GUTIÉRREZ,Municipio,,,CUNDINAMARCA|GUTIERREZ
25,CUNDINAMARCA,25368,JERUSALÉN,Municipio,,,CUNDINAMARCA|JERUSALEN
25,CUNDINAMARCA,25372,JUNÍN,Municipio,,,CUNDINAMARCA|JUNIN
25,CUNDINAMARCA,25377,LA CALERA,Municipio,,,CUNDINAMARCA|LA CALERA
25,CUNDINAMARCA,25386,LA MESA,Municipio,,,CUNDINAMARCA|LA MESA
25,CUNDINAMARCA,25394,LA PALMA,Municipio,,,CUNDINAMARCA|LA PALMA
25,CUNDINAMARCA,25398,LA PEÑA,Municipio,,,CUNDINAMARCA|LA PENA
25,CUNDINAMARCA,25402,LA VEGA,Municipio,,,CUNDINAMARCA|LA VEGA
25,CUNDINAMARCA,25407,LENGUAZAQUE,Municipio,,,CUNDINAMARCA|LENGUAZAQUE
25,CUNDINAMARCA,25426,MACHETÁ,Municipio,,,CUNDINAMARCA|MACHETA
25,CUNDINAMARCA,25430,MADRID,Municipio,,,CUNDINAMARCA|MADRID
25,CUNDINAMARCA,25436,MANTA,Municipio,,,CUNDINAMARCA|MANTA
25,CUNDINAMARCA,25438,MEDINA,Municipio,,,CUNDINAMARCA|MEDINA
25,CUNDINAMARCA,25473,MOSQUERA,Municipio,,,CUNDINAMARCA|MOSQUERA
25,CUNDINAMARCA,25483,NARIÑO,Municipio,,,CUNDINAMARCA|NARINO
25,CUNDINAMARCA,25486,NEMOCÓN,Municipio,,,CUNDINAMARCA|NEMOCON
25,CUNDINAMARCA,25488,NILO,Municipio,,,CUNDINAMARCA|NILO
25,CUNDINAMARCA,25489,NIMAIMA,Municipio,,,CUNDINAMARCA|NIMAIMA
25,CUNDINAMARCA,25491,NOCAIMA,Municipio,,,CUNDINAMARCA|NOCAIMA
25,CUNDINAMARCA,25506,VENECIA,Municipio,,,CUNDINAMARCA|VENECIA
25,CUNDINAMARCA,25513,PACHO,Municipio,,,CUNDINAMARCA|PACHO
25,CUNDINAMARCA,25518,PAIME,Municipio,,,CUNDINAMARCA|PAIME
25,CUNDINAMARCA,25524,PANDI,Municipio,,,CUNDINAMARCA|PANDI
25,CUNDINAMARCA,25530,PARATEBUENO,Municipio,,,CUNDINAMARCA|PARATEBUENO
25,CUNDINAMARCA,25535,PASCA,Municipio,,,CUNDINAMARCA|PASCA
25,CUNDINAMARCA,25572,PUERTO SALGAR,Municipio,,,CUNDINAMARCA|PUERTO SALGAR
25,CUNDINAMARCA,25580,PULÍ,Municipio,,,CUNDINAMARCA|PULI
25,CUNDINAMARCA,25592,QUEBRADANEGRA,Municipio,,,CUNDINAMARCA|QUEBRADANEGRA
25,CUNDINAMARCA,25594,QUETAME,Municipio,,,CUNDINAMARCA|QUETAME
25,CUNDINAMARCA,25596,QUIPILE,Municipio,,,CUNDINAMARCA|QUIPILE
25,CUNDINAMARCA,25599,APULO,Municipio,,,CUNDINAMARCA|APULO
25,CUNDINAMARCA,25612,RICAURTE,Municipio,,,CUNDINAMARCA|RICAURTE
25,CUNDINAMARCA,25645,SAN ANTONIO DEL TEQUENDAMA,Municipio,,,CUNDINAMARCA|SAN ANTONIO DEL TEQUENDAMA
25,CUNDINAMARCA,25649,SAN BERNARDO,Municipio,,,CUNDINAMARCA|SAN BERNARDO
25,CUNDINAMARCA,25653,SAN CAYETANO,Municipio,,,CUNDINAMARCA|SAN CAYETANO
25,CUNDINAMARCA,25658,SAN FRANCISCO,Municipio,,,CUNDINAMARCA|SAN FRANCISCO
25,CUNDINAMARCA,25662,SAN JUAN DE RIOSECO,Municipio,,,CUNDINAMARCA|SAN JUAN DE RIOSECO
25,CUNDINAMARCA,25718,SASAIMA,Municipio,,,CUNDINAMARCA|SASAIMA
25,CUNDINAMARCA,25736,SESQUILÉ,Municipio,,,CUNDINAMARCA|SESQUILE
25,CUNDINAMARCA,25740,SIBATÉ,Municipio,,,CUNDINAMARCA|SIBATE
25,CUNDINAMARCA,25743,SILVANIA,Municipio,,,CUNDINAMARCA|SILVANIA
25,CUNDINAMARCA,25745,SIMIJACA,Municipio,,,CUNDINAMARCA|SIMIJACA
25,CUNDINAMARCA,25754,SOACHA,Municipio,,,CUNDINAMARCA|SOACHA
25,CUNDINAMARCA,25758,SOPÓ,Municipio,,,CUNDINAMARCA|SOPO
25,CUNDINAMARCA,25769,SUBACHOQUE,Municipio,,,CUNDINAMARCA|SUBACHOQUE
25,CUNDINAMARCA,25772,SUESCA,Municipio,,,CUNDINAMARCA|SUESCA
25,CUNDINAMARCA,25777,SUPATÁ,Municipio,,,CUNDINAMARCA|SUPATA
25,CUNDINAMARCA,25779,SUSA,Municipio,,,CUNDINAMARCA|SUSA
25,CUNDINAMARCA,25781,SUTATAUSA,Municipio,,,CUNDINAMARCA|SUTATAUSA
25,CUNDINAMARCA,25785,TABIO,Municipio,,,CUNDINAMARCA|TABIO
25,CUNDINAMARCA,25793,TAUSA,Municipio,,,CUNDINAMARCA|TAUSA
25,CUNDINAMARCA,25797,TENA,Municipio,,,CUNDINAMARCA|TENA
25,CUNDINAMARCA,25799,TENJO,Municipio,,,CUNDINAMARCA|TENJO
25,CUNDINAMARCA,25805,TIBACUY,Municipio,,,CUNDINAMARCA|TIBACUY
25,CUNDINAMARCA,25807,TIBIRITA,Municipio,,,CUNDINAMARCA|TIBIRITA
25,CUNDINAMARCA,25815,TOCAIMA,Municipio,,,CUNDINAMARCA|TOCAIMA
25,CUNDINAMARCA,25817,TOCANCIPÁ,Municipio,,,CUNDINAMARCA|TOCANCIPA
25,CUNDINAMARCA,25823,TOPAIPÍ,Municipio,,,CUNDINAMARCA|TOPAIPI
25,CUNDINAMARCA,25839,UBALÁ,Municipio,,,CUNDINAMARCA|UBALA
25,CUNDINAMARCA,25841,UBAQUE,Municipio,,,CUNDINAMARCA|UBAQUE
25,CUNDINAMARCA,25843,VILLA DE SAN DIEGO DE UBATÉ,Municipio,,,CUNDINAMARCA|VILLA DE SAN DIEGO DE UBATE
25,CUNDINAMARCA,25845,UNE,Municipio,,,CUNDINAMARCA|UNE
25,CUNDINAMARCA,25851,ÚTICA,Municipio,,,CUNDINAMARCA|UTICA
25,CUNDINAMARCA,25862,VERGARA,Municipio,,,CUNDINAMARCA|VERGARA
25,CUNDINAMARCA,25867,VIANÍ,Municipio,,,CUNDINAMARCA|VIANI
25,CUNDINAMARCA,25871,VILLAGÓMEZ,Municipio,,,CUNDINAMARCA|VILLAGOMEZ
25,CUNDINAMARCA,25873,VILLAPINZÓN,Municipio,,,CUNDINAMARCA|VILLAPINZON
25,CUNDINAMARCA,25875,VILLETA,Municipio,,,CUNDINAMARCA|VILLETA
25,CUNDINAMARCA,25878,VIOTÁ,Municipio,,,CUNDINAMARCA|VIOTA
25,CUNDINAMARCA,25885,YACOPÍ,Municipio,,,CUNDINAMARCA|YACOPI
25,CUNDINAMARCA,25898,ZIPACÓN,Municipio,,,CUNDINAMARCA|ZIPACON
25,CUNDINAMARCA,25899,ZIPAQUIRÁ,Municipio,,,CUNDINAMARCA|ZIPAQUIRA
27,CHOCÓ,27001,QUIBDÓ,Municipio,,,CHOCO|QUIBDO
27,CHOCÓ,27006,ACANDÍ,Municipio,,,CHOCO|ACANDI
27,CHOCÓ,27025,ALTO BAUDÓ,Municipio,,,CHOCO|ALTO BAUDO
27,CHOCÓ,27050,ATRATO,Municipio,,,CHOCO|ATRATO
27,CHOCÓ,27073,BAGADÓ,Municipio,,,CHOCO|BAGADO
27,CHOCÓ,27075,BAHÍA SOLANO,Municipio,,,CHOCO|BAHIA SOLANO
27,CHOCÓ,27077,BAJO BAUDÓ,Municipio,,,CHOCO|BAJO BAUDO
27,CHOCÓ,27099,BOJAYÁ,Municipio,,,CHOCO|BOJAYA
27,CHOCÓ,27135,EL CANTÓN DEL SAN PABLO,Municipio,,,CHOCO|EL CANTON DEL SAN PABLO
27,CHOCÓ,27150,CARMEN DEL DARIÉN,Municipio,,,CHOCO|CARMEN DEL DARIEN
27,CHOCÓ,27160,CÉRTEGUI,Municipio,,,CHOCO|CERTEGUI
27,CHOCÓ,27205,CONDOTO,Municipio,,,CHOCO|CONDOTO
27,CHOCÓ,27245,EL CARMEN DE ATRATO,Municipio,,,CHOCO|EL CARMEN DE ATRATO
27,CHOCÓ,27250,EL LITORAL DEL SAN JUAN,Municipio,,,CHOCO|EL LITORAL DEL SAN JUAN
27,CHOCÓ,27361,ISTMINA,Municipio,,,CHOCO|ISTMINA
27,CHOCÓ,27372,JURADÓ,Municipio,,,CHOCO|JURADO
27,CHOCÓ,27413,LLORÓ,Municipio,,,CHOCO|LLORO
27,CHOCÓ,27425,MEDIO ATRATO,Municipio,,,CHOCO|MEDIO ATRATO
27,CHOCÓ,27430,MEDIO BAUDÓ,Municipio,,,CHOCO|MEDIO BAUDO
27,CHOCÓ,27450,MEDIO SAN JUAN,Municipio,,,CHOCO|MEDIO SAN JUAN
27,CHOCÓ,27491,NÓVITA,Municipio,,,CHOCO|NOVITA
27,CHOCÓ,27493,NUEVO BELÉN DE BAJIRÁ,Municipio,,,CHOCO|NUEVO BELEN DE BAJIRA
27,CHOCÓ,27495,NUQUÍ,Municipio,,,CHOCO|NUQUI
27,CHOCÓ,27580,RÍO IRÓ,Municipio,,,CHOCO|RIO IRO
27,CHOCÓ,27600,RÍO QUITO,Municipio,,,CHOCO|RIO QUITO
27,CHOCÓ,27615,RIOSUCIO,Municipio,,,CHOCO|RIOSUCIO
27,CHOCÓ,27660,SAN JOSÉ DEL PALMAR,Municipio,,,CHOCO|SAN JOSE DEL PALMAR
27,CHOCÓ,27745,SIPÍ,Municipio,,,CHOCO|SIPI
27,CHOCÓ,27787,TADÓ,Municipio,,,CHOCO|TADO
27,CHOCÓ,27800,UNGUÍA,Municipio,,,CHOCO|UNGUIA
27,CHOCÓ,27810,UNIÓN PANAMERICANA,Municipio,,,CHOCO|UNION PANAMERICANA
41,HUILA,41001,NEIVA,Municipio,,,HUILA|NEIVA
41,HUILA,41006,ACEVEDO,Municipio,,,HUILA|ACEVEDO
41,HUILA,41013,AGRADO,Municipio,,,HUILA|AGRADO
41,HUILA,41016,AIPE,Municipio,,,HUILA|AIPE
41,HUILA,41020,ALGECIRAS,Municipio,,,HUILA|ALGECIRAS
41,HUILA,41026,ALTAMIRA,Municipio,,,HUILA|ALTAMIRA
41,HUILA,41078,BARAYA,Municipio,,,HUILA|BARAYA
41,HUILA,41132,CAMPOALEGRE,Municipio,,,HUILA|CAMPOALEGRE
41,HUILA,41206,COLOMBIA,Municipio,,,HUILA|COLOMBIA
41,HUILA,41244,ELÍAS,Municipio,,,HUILA|ELIAS
41,HUILA,41298,GARZÓN,Municipio,,,HUILA|GARZON
41,HUILA,41306,GIGANTE,Municipio,,,HUILA|GIGANTE
41,HUILA,41319,GUADALUPE,Municipio,,,HUILA|GUADALUPE
41,HUILA,41349,HOBO,Municipio,,,HUILA|HOBO
41,HUILA,41357,ÍQUIRA,Municipio,,,HUILA|IQUIRA
41,HUILA,41359,ISNOS,Municipio,,,HUILA|ISNOS
41,HUILA,41378,LA ARGENTINA,Municipio,,,HUILA|LA ARGENTINA
41,HUILA,41396,LA PLATA,Municipio,,,HUILA|LA PLATA
41,HUILA,41483,NÁTAGA,Municipio,,,HUILA|NATAGA
41,HUILA,41503,OPORAPA,Municipio,,,HUILA|OPORAPA
41,HUILA,41518,PAICOL,Municipio,,,HUILA|PAICOL
41,HUILA,41524,PALERMO,Municipio,,,HUILA|PALERMO
41,HUILA,41530,PALESTINA,Municipio,,,HUILA|PALESTINA
41,HUILA,41548,PITAL,Municipio,,,HUILA|PITAL
41,HUILA,41551,PITALITO,Municipio,,,HUILA|PITALITO
41,HUILA,41615,RIVERA,Municipio,,,HUILA|RIVERA
41,HUILA,41660,SALADOBLANCO,Municipio,,,HUILA|SALADOBLANCO
41,HUILA,41668,SAN AGUSTÍN,Municipio,,,HUILA|SAN AGUSTIN
41,HUILA,41676,SANTA MARÍA,Municipio,,,HUILA|SANTA MARIA
41,HUILA,41770,SUAZA,Municipio,,,HUILA|SUAZA
41,HUILA,41791,TARQUI,Municipio,,,HUILA|TARQUI
41,HUILA,41797,TESALIA,Municipio,,,HUILA|TESALIA
41,HUILA,41799,TELLO,Municipio,,,HUILA|TELLO
41,HUILA,41801,TERUEL,Municipio,,,HUILA|TERUEL
41,HUILA,41807,TIMANÁ,Municipio,,,HUILA|TIMANA
41,HUILA,41872,VILLAVIEJA,Municipio,,,HUILA|VILLAVIEJA
41,HUILA,41885,YAGUARÁ,Municipio,,,HUILA|YAGUARA
44,LA GUAJIRA,44001,RIOHACHA,Municipio,,,LA GUAJIRA|RIOHACHA
44,LA GUAJIRA,44035,ALBANIA,Municipio,,,LA GUAJIRA|ALBANIA
44,LA GUAJIRA,44078,BARRANCAS,Municipio,,,LA GUAJIRA|BARRANCAS
44,LA GUAJIRA,44090,DIBULLA,Municipio,,,LA GUAJIRA|DIBULLA
44,LA GUAJIRA,44098,DISTRACCIÓN,Municipio,,,LA GUAJIRA|DISTRACCION
44,LA GUAJIRA,44110,EL MOLINO,Municipio,,,LA GUAJIRA|EL MOLINO
44,LA GUAJIRA,44279,FONSECA,Municipio,,,LA GUAJIRA|FONSECA
44,LA GUAJIRA,44378,HATONUEVO,Municipio,,,LA GUAJIRA|HATONUEVO
44,LA GUAJIRA,44420,LA JAGUA DEL PILAR,Municipio,,,LA GUAJIRA|LA JAGUA DEL PILAR
44,LA GUAJIRA,44430,MAICAO,Municipio,,,LA GUAJIRA|MAICAO
44,LA GUAJIRA,44560,MANAURE,Municipio,,,LA GUAJIRA|MANAURE
44,LA GUAJIRA,44650,SAN JUAN DEL CESAR,Municipio,,,LA GUAJIRA|SAN JUAN DEL CESAR
44,LA GUAJIRA,44847,URIBIA,Municipio,,,LA GUAJIRA|URIBIA
44,LA GUAJIRA,44855,URUMITA,Municipio,,,LA GUAJIRA|URUMITA
44,LA GUAJIRA,44874,VILLANUEVA,Municipio,,,LA GUAJIRA|VILLANUEVA
47,MAGDALENA,47001,SANTA MARTA,Municipio,,,MAGDALENA|SANTA MARTA
47,MAGDALENA,47030,ALGARROBO,Municipio,,,MAGDALENA|ALGARROBO
47,MAGDALENA,47053,ARACATACA,Municipio,,,MAGDALENA|ARACATACA
47,MAGDALENA,47058,ARIGUANÍ,Municipio,,,MAGDALENA|ARIGUANI
47,MAGDALENA,47161,CERRO DE SAN ANTONIO,Municipio,,,MAGDALENA|CERRO DE SAN ANTONIO
47,MAGDALENA,47170,CHIVOLO,Municipio,,,MAGDALENA|CHIVOLO
47,MAGDALENA,47189,CIÉNAGA,Municipio,,,MAGDALENA|CIENAGA
47,MAGDALENA,47205,CONCORDIA,Municipio,,,MAGDALENA|CONCORDIA
47,MAGDALENA,47245,EL BANCO,Municipio,,,MAGDALENA|EL BANCO
47,MAGDALENA,47258,EL PIÑÓN,Municipio,,,MAGDALENA|EL PINON
47,MAGDALENA,47268,EL RETÉN,Municipio,,,MAGDALENA|EL RETEN
47,MAGDALENA,47288,FUNDACIÓN,Municipio,,,MAGDALENA|FUNDACION
47,MAGDALENA,47318,GUAMAL,Municipio,,,MAGDALENA|GUAMAL
47,MAGDALENA,47460,NUEVA GRANADA,Municipio,,,MAGDALENA|NUEVA GRANADA
47,MAGDALENA,47541,PEDRAZA,Municipio,,,MAGDALENA|PEDRAZA
47,MAGDALENA,47545,PIJIÑO DEL CARMEN,Municipio,,,MAGDALENA|PIJINO DEL CARMEN
47,MAGDALENA,47551,PIVIJAY,Municipio,,,MAGDALENA|PIVIJAY
47,MAGDALENA,47555,PLATO,Municipio,,,MAGDALENA|PLATO
47,MAGDALENA,47570,PUEBLOVIEJO,Municipio,,,MAGDALENA|PUEBLOVIEJO
47,MAGDALENA,47605,REMOLINO,Municipio,,,MAGDALENA|REMOLINO
47,MAGDALENA,47660,SABANAS DE SAN ÁNGEL,Municipio,,,MAGDALENA|SABANAS DE SAN ANGEL
47,MAGDALENA,47675,SALAMINA,Municipio,,,MAGDALENA|SALAMINA
47,MAGDALENA,47692,SAN SEBASTIÁN DE BUENAVISTA,Municipio,,,MAGDALENA|SAN SEBASTIAN DE BUENAVISTA
47,MAGDALENA,47703,SAN ZENÓN,Municipio,,,MAGDALENA|SAN ZENON
47,MAGDALENA,47707,SANTA ANA,Municipio,,,MAGDALENA|SANTA ANA
47,MAGDALENA,47720,SANTA BÁRBARA DE PINTO,Municipio,,,MAGDALENA|SANTA BARBARA DE PINTO
47,MAGDALENA,47745,SITIONUEVO,Municipio,,,MAGDALENA|SITIONUEVO
47,MAGDALENA,47798,TENERIFE,Municipio,,,MAGDALENA|TENERIFE
47,MAGDALENA,47960,ZAPAYÁN,Municipio,,,MAGDALENA|ZAPAYAN
47,MAGDALENA,47980,ZONA BANANERA,Municipio,,,MAGDALENA|ZONA BANANERA
50,META,50001,VILLAVICENCIO,Municipio,,,META|VILLAVICENCIO
50,META,50006,ACACÍAS,Municipio,,,META|ACACIAS
50,META,50110,BARRANCA DE UPÍA,Municipio,,,META|BARRANCA DE UPIA
50,META,50124,CABUYARO,Municipio,,,META|CABUYARO
50,META,50150,CASTILLA LA NUEVA,Municipio,,,META|CASTILLA LA NUEVA
50,META,50223,CUBARRAL,Municipio,,,META|CUBARRAL
50,META,50226,CUMARAL,Municipio,,,META|CUMARAL
50,META,50245,EL CALVARIO,Municipio,,,META|EL CALVARIO
50,META,50251,EL CASTILLO,Municipio,,,META|EL CASTILLO
50,META,50270,EL DORADO,Municipio,,,META|EL DORADO
50,META,50287,FUENTE DE ORO,Municipio,,,META|FUENTE DE ORO
50,META,50313,GRANADA,Municipio,,,META|GRANADA
50,META,50318,GUAMAL,Municipio,,,META|GUAMAL
50,META,50325,MAPIRIPÁN,Municipio,,,META|MAPIRIPAN
50,META,50330,MESETAS,Municipio,,,META|MESETAS
50,META,50350,LA MACARENA,Municipio,,,META|LA MACARENA
50,META,50370,URIBE,Municipio,,,META|URIBE
50,META,50400,LEJANÍAS,Municipio,,,META|LEJANIAS
50,META,50450,PUERTO CONCORDIA,Municipio,,,META|PUERTO CONCORDIA
50,META,50568,PUERTO GAITÁN,Municipio,,,META|PUERTO GAITAN
50,META,50573,PUERTO LÓPEZ,Municipio,,,META|PUERTO LOPEZ
50,META,50577,PUERTO LLERAS,Municipio,,,META|PUERTO LLERAS
50,META,50590,PUERTO RICO,Municipio,,,META|PUERTO RICO
50,META,50606,RESTREPO,Municipio,,,META|RESTREPO
50,META,50680,SAN CARLOS DE GUAROA,Municipio,,,META|SAN CARLOS DE GUAROA
50,META,50683,SAN JUAN DE ARAMA,Municipio,,,META|SAN JUAN DE ARAMA
50,META,50686,SAN JUANITO,Municipio,,,META|SAN JUANITO
50,META,50689,SAN MARTÍN,Municipio,,,META|SAN MARTIN
50,META,50711,VISTAHERMOSA,Municipio,,,META|VISTAHERMOSA
52,NARIÑO,52001,PASTO,Municipio,,,NARINO|PASTO
52,NARIÑO,52019,ALBÁN,Municipio,,,NARINO|ALBAN
52,NARIÑO,52022,ALDANA,Municipio,,,NARINO|ALDANA
52,NARIÑO,52036,ANCUYA,Municipio,,,NARINO|ANCUYA
52,NARIÑO,52051,ARBOLEDA,Municipio,,,NARINO|ARBOLEDA
52,NARIÑO,52079,BARBACOAS,Municipio,,,NARINO|BARBACOAS
52,NARIÑO,52083,BELÉN,Municipio,,,NARINO|BELEN
52,NARIÑO,52110,BUESACO,Municipio,,,NARINO|BUESACO
52,NARIÑO,52203,COLÓN,Municipio,,,NARINO|COLON
52,NARIÑO,52207,CONSACÁ,Municipio,,,NARINO|CONSACA
52,NARIÑO,52210,CONTADERO,Municipio,,,NARINO|CONTADERO
52,NARIÑO,52215,CÓRDOBA,Municipio,,,NARINO|CORDOBA
52,NARIÑO,52224,CUASPUD CARLOSAMA,Municipio,,,NARINO|CUASPUD CARLOSAMA
52,NARIÑO,52227,CUMBAL,Municipio,,,NARINO|CUMBAL
52,NARIÑO,52233,CUMBITARA,Municipio,,,NARINO|CUMBITARA
52,NARIÑO,52240,CHACHAGÜÍ,Municipio,,,NARINO|CHACHAGUI
52,NARIÑO,52250,EL CHARCO,Municipio,,,NARINO|EL CHARCO
52,NARIÑO,52254,EL PEÑOL,Municipio,,,NARINO|EL PENOL
52,NARIÑO,52256,EL ROSARIO,Municipio,,,NARINO|EL ROSARIO
52,NARIÑO,52258,EL TABLÓN DE GÓMEZ,Municipio,,,NARINO|EL TABLON DE GOMEZ
52,NARIÑO,52260,EL TAMBO,Municipio,,,NARINO|EL TAMBO
52,NARIÑO,52287,FUNES,Municipio,,,NARINO|FUNES
52,NARIÑO,52317,GUACHUCAL,Municipio,,,NARINO|GUACHUCAL
52,NARIÑO,52320,GUAITARILLA,Municipio,,,NARINO|GUAITARILLA
52,NARIÑO,52323,GUALMATÁN,Municipio,,,NARINO|GUALMATAN
52,NARIÑO,52352,ILES,Municipio,,,NARINO|ILES
52,NARIÑO,52354,IMUÉS,Municipio,,,NARINO|IMUES
52,NARIÑO,52356,IPIALES,Municipio,,,NARINO|IPIALES
52,NARIÑO,52378,LA CRUZ,Municipio,,,NARINO|LA CRUZ
52,NARIÑO,52381,LA FLORIDA,Municipio,,,NARINO|LA FLORIDA
52,NARIÑO,52385,LA LLANADA,Municipio,,,NARINO|LA LLANADA
52,NARIÑO,52390,LA TOLA,Municipio,,,NARINO|LA TOLA
52,NARIÑO,52399,LA UNIÓN,Municipio,,,NARINO|LA UNION
52,NARIÑO,52405,LEIVA,Municipio,,,NARINO|LEIVA
52,NARIÑO,52411,LINARES,Municipio,,,NARINO|LINARES
52,NARIÑO,52418,LOS ANDES,Municipio,,,NARINO|LOS ANDES
52,NARIÑO,52427,MAGÜÍ,Municipio,,,NARINO|MAGUI
52,NARIÑO,52435,MALLAMA,Municipio,,,NARINO|MALLAMA
52,NARIÑO,52473,MOSQUERA,Municipio,,,NARINO|MOSQUERA
52,NARIÑO,52480,NARIÑO,Municipio,,,NARINO|NARINO
52,NARIÑO,52490,OLAYA HERRERA,Municipio,,,NARINO|OLAYA HERRERA
52,NARIÑO,52506,OSPINA,Municipio,,,NARINO|OSPINA
52,NARIÑO,52520,FRANCISCO PIZARRO,Municipio,,,NARINO|FRANCISCO PIZARRO
52,NARIÑO,52540,POLICARPA,Municipio,,,NARINO|POLICARPA
52,NARIÑO,52560,POTOSÍ,Municipio,,,NARINO|POTOSI
52,NARIÑO,52565,PROVIDENCIA,Municipio,,,NARINO|PROVIDENCIA
52,NARIÑO,52573,PUERRES,Municipio,,,NARINO|PUERRES
52,NARIÑO,52585,PUPIALES,Municipio,,,NARINO|PUPIALES
52,NARIÑO,52612,RICAURTE,Municipio,,,NARINO|RICAURTE
52,NARIÑO,52621,ROBERTO PAYÁN,Municipio,,,NARINO|ROBERTO PAYAN
52,NARIÑO,52678,SAMANIEGO,Municipio,,,NARINO|SAMANIEGO
52,NARIÑO,52683,SANDONÁ,Municipio,,,NARINO|SANDONA
52,NARIÑO,52685,SAN BERNARDO,Municipio,,,NARINO|SAN BERNARDO
52,NARIÑO,52687,SAN LORENZO,Municipio,,,NARINO|SAN LORENZO
52,NARIÑO,52693,SAN PABLO,Municipio,,,NARINO|SAN PABLO
52,NARIÑO,52694,SAN PEDRO DE CARTAGO,Municipio,,,NARINO|SAN PEDRO DE CARTAGO
52,NARIÑO,52696,SANTA BÁRBARA,Municipio,,,NARINO|SANTA BARBARA
52,NARIÑO,52699,SANTACRUZ,Municipio,,,NARINO|SANTACRUZ
52,NARIÑO,52720,SAPUYES,Municipio,,,NARINO|SAPUYES
52,NARIÑO,52786,TAMINANGO,Municipio,,,NARINO|TAMINANGO
52,NARIÑO,52788,TANGUA,Municipio,,,NARINO|TANGUA
52,NARIÑO,52835,SAN ANDRÉS DE TUMACO,Municipio,,,NARINO|SAN ANDRES DE TUMACO
52,NARIÑO,52838,TÚQUERRES,Municipio,,,NARINO|TUQUERRES
52,NARIÑO,52885,YACUANQUER,Municipio,,,NARINO|YACUANQUER
54,NORTE DE SANTANDER,54001,SAN JOSÉ DE CÚCUTA,Municipio,,,NORTE DE SANTANDER|SAN JOSE DE CUCUTA
54,NORTE DE SANTANDER,54003,ÁBREGO,Municipio,,,NORTE DE SANTANDER|ABREGO
54,NORTE DE SANTANDER,54051,ARBOLEDAS,Municipio,,,NORTE DE SANTANDER|ARBOLEDAS
54,NORTE DE SANTANDER,54099,BOCHALEMA,Municipio,,,NORTE DE SANTANDER|BOCHALEMA
54,NORTE DE SANTANDER,54109,BUCARASICA,Municipio,,,NORTE DE SANTANDER|BUCARASICA
54,NORTE DE SANTANDER,54125,CÁCOTA,Municipio,,,NORTE DE SANTANDER|CACOTA
54,NORTE DE SANTANDER,54128,CÁCHIRA,Municipio,,,NORTE DE SANTANDER|CACHIRA
54,NORTE DE SANTANDER,54172,CHINÁCOTA,Municipio,,,NORTE DE SANTANDER|CHINACOTA
54,NORTE DE SANTANDER,54174,CHITAGÁ,Municipio,,,NORTE DE SANTANDER|CHITAGA
54,NORTE DE SANTANDER,54206,CONVENCIÓN,Municipio,,,NORTE DE SANTANDER|CONVENCION
54,NORTE DE SANTANDER,54223,CUCUTILLA,Municipio,,,NORTE DE SANTANDER|CUCUTILLA
54,NORTE DE SANTANDER,54239,DURANIA,Municipio,,,NORTE DE SANTANDER|DURANIA
54,NORTE DE SANTANDER,54245,EL CARMEN,Municipio,,,NORTE DE SANTANDER|EL CARMEN
54,NORTE DE SANTANDER,54250,EL TARRA,Municipio,,,NORTE DE SANTANDER|EL TARRA
54,NORTE DE SANTANDER,54261,EL ZULIA,Municipio,,,NORTE DE SANTANDER|EL ZULIA
54,NORTE DE SANTANDER,54313,GRAMALOTE,Municipio,,,NORTE DE SANTANDER|GRAMALOTE
54,NORTE DE SANTANDER,54344,HACARÍ,Municipio,,,NORTE DE SANTANDER|HACARI
54,NORTE DE SANTANDER,54347,HERRÁN,Municipio,,,NORTE DE SANTANDER|HERRAN
54,NORTE DE SANTANDER,54377,LABATECA,Municipio,,,NORTE DE SANTANDER|LABATECA
54,NORTE DE SANTANDER,54385,LA ESPERANZA,Municipio,,,NORTE DE SANTANDER|LA ESPERANZA
54,NORTE DE SANTANDER,54398,LA PLAYA,Municipio,,,NORTE DE SANTANDER|LA PLAYA
54,NORTE DE SANTANDER,54405,LOS PATIOS,Municipio,,,NORTE DE SANTANDER|LOS PATIOS
54,NORTE DE SANTANDER,54418,LOURDES,Municipio,,,NORTE DE SANTANDER|LOURDES
54,NORTE DE SANTANDER,54480,MUTISCUA,Municipio,,,NORTE DE SANTANDER|MUTISCUA
54,NORTE DE SANTANDER,54498,OCAÑA,Municipio,,,NORTE DE SANTANDER|OCANA
54,NORTE DE SANTANDER,54518,PAMPLONA,Municipio,,,NORTE DE SANTANDER|PAMPLONA
54,NORTE DE SANTANDER,54520,PAMPLONITA,Municipio,,,NORTE DE SANTANDER|PAMPLONITA
54,NORTE DE SANTANDER,54553,PUERTO SANTANDER,Municipio,,,NORTE DE SANTANDER|PUERTO SANTANDER
54,NORTE DE SANTANDER,54599,RAGONVALIA,Municipio,,,NORTE DE SANTANDER|RAGONVALIA
54,NORTE DE SANTANDER,54660,SALAZAR,Municipio,,,NORTE DE SANTANDER|SALAZAR
54,NORTE DE SANTANDER,54670,SAN CALIXTO,Municipio,,,NORTE DE SANTANDER|SAN CALIXTO
54,NORTE DE SANTANDER,54673,SAN CAYETANO,Municipio,,,NORTE DE SANTANDER|SAN CAYETANO
54,NORTE DE SANTANDER,54680,SANTIAGO,Municipio,,,NORTE DE SANTANDER|SANTIAGO
54,NORTE DE SANTANDER,54720,SARDINATA,Municipio,,,NORTE DE SANTANDER|SARDINATA
54,NORTE DE SANTANDER,54743,SILOS,Municipio,,,NORTE DE SANTANDER|SILOS
54,NORTE DE SANTANDER,54800,TEORAMA,Municipio,,,NORTE DE SANTANDER|TEORAMA
54,NORTE DE SANTANDER,54810,TIBÚ,Municipio,,,NORTE DE SANTANDER|TIBU
54,NORTE DE SANTANDER,54820,TOLEDO,Municipio,,,NORTE DE SANTANDER|TOLEDO
54,NORTE DE SANTANDER,54871,VILLA CARO,Municipio,,,NORTE DE SANTANDER|VILLA CARO
54,NORTE DE SANTANDER,54874,VILLA DEL ROSARIO,Municipio,,,NORTE DE SANTANDER|VILLA DEL ROSARIO
63,QUINDÍO,63001,ARMENIA,Municipio,,,QUINDIO|ARMENIA
63,QUINDÍO,63111,BUENAVISTA,Municipio,,,QUINDIO|BUENAVISTA
63,QUINDÍO,63130,CALARCÁ,Municipio,,,QUINDIO|CALARCA
63,QUINDÍO,63190,CIRCASIA,Municipio,,,QUINDIO|CIRCASIA
63,QUINDÍO,63212,CÓRDOBA,Municipio,,,QUINDIO|CORDOBA
63,QUINDÍO,63272,FILANDIA,Municipio,,,QUINDIO|FILANDIA
63,QUINDÍO,63302,GÉNOVA,Municipio,,,QUINDIO|GENOVA
63,QUINDÍO,63401,LA TEBAIDA,Municipio,,,QUINDIO|LA TEBAIDA
63,QUINDÍO,63470,MONTENEGRO,Municipio,,,QUINDIO|MONTENEGRO
63,QUINDÍO,63548,PIJAO,Municipio,,,QUINDIO|PIJAO
63,QUINDÍO,63594,QUIMBAYA,Municipio,,,QUINDIO|QUIMBAYA
63,QUINDÍO,63690,SALENTO,Municipio,,,QUINDIO|SALENTO
66,RISARALDA,66001,PEREIRA,Municipio,,,RISARALDA|PEREIRA
66,RISARALDA,66045,APÍA,Municipio,,,RISARALDA|APIA
66,RISARALDA,66075,BALBOA,Municipio,,,RISARALDA|BALBOA
66,RISARALDA,66088,BELÉN DE UMBRÍA,Municipio,,,RISARALDA|BELEN DE UMBRIA
66,RISARALDA,66170,DOSQUEBRADAS,Municipio,,,RISARALDA|DOSQUEBRADAS
66,RISARALDA,66318,GUÁTICA,Municipio,,,RISARALDA|GUATICA
66,RISARALDA,66383,LA CELIA,Municipio,,,RISARALDA|LA CELIA
66,RISARALDA,66400,LA VIRGINIA,Municipio,,,RISARALDA|LA VIRGINIA
66,RISARALDA,66440,MARSELLA,Municipio,,,RISARALDA|MARSELLA
66,RISARALDA,66456,MISTRATÓ,Municipio,,,RISARALDA|MISTRATO
66,RISARALDA,66572,PUEBLO RICO,Municipio,,,RISARALDA|PUEBLO RICO
66,RISARALDA,66594,QUINCHÍA,Municipio,,,RISARALDA|QUINCHIA
66,RISARALDA,66682,SANTA ROSA DE CABAL,Municipio,,,RISARALDA|SANTA ROSA DE CABAL
66,RISARALDA,66687,SANTUARIO,Municipio,,,RISARALDA|SANTUARIO
68,SANTANDER,68001,BUCARAMANGA,Municipio,,,SANTANDER|BUCARAMANGA
68,SANTANDER,68013,AGUADA,Municipio,,,SANTANDER|AGUADA
68,SANTANDER,68020,ALBANIA,Municipio,,,SANTANDER|ALBANIA
68,SANTANDER,68051,ARATOCA,Municipio,,,SANTANDER|ARATOCA
68,SANTANDER,68077,BARBOSA,Municipio,,,SANTANDER|BARBOSA
68,SANTANDER,68079,BARICHARA,Municipio,,,SANTANDER|BARICHARA
68,SANTANDER,68081,BARRANCABERMEJA,Municipio,,,SANTANDER|BARRANCABERMEJA
68,SANTANDER,68092,BETULIA,Municipio,,,SANTANDER|BETULIA
68,SANTANDER,68101,BOLÍVAR,Municipio,,,SANTANDER|BOLIVAR
68,SANTANDER,68121,CABRERA,Municipio,,,SANTANDER|CABRERA
68,SANTANDER,68132,CALIFORNIA,Municipio,,,SANTANDER|CALIFORNIA
68,SANTANDER,68147,CAPITANEJO,Municipio,,,SANTANDER|CAPITANEJO
68,SANTANDER,68152,CARCASÍ,Municipio,,,SANTANDER|CARCASI
68,SANTANDER,68160,CEPITÁ,Municipio,,,SANTANDER|CEPITA
68,SANTANDER,68162,CERRITO,Municipio,,,SANTANDER|CERRITO
68,SANTANDER,68167,CHARALÁ,Municipio,,,SANTANDER|CHARALA
68,SANTANDER,68169,CHARTA,Municipio,,,SANTANDER|CHARTA
68,SANTANDER,68176,CHIMA,Municipio,,,SANTANDER|CHIMA
68,SANTANDER,68179,CHIPATÁ,Municipio,,,SANTANDER|CHIPATA
68,SANTANDER,68190,CIMITARRA,Municipio,,,SANTANDER|CIMITARRA
68,SANTANDER,68207,CONCEPCIÓN,Municipio,,,SANTANDER|CONCEPCION
68,SANTANDER,68209,CONFINES,Municipio,,,SANTANDER|CONFINES
68,SANTANDER,68211,CONTRATACIÓN,Municipio,,,SANTANDER|CONTRATACION
68,SANTANDER,68217,COROMORO,Municipio,,,SANTANDER|COROMORO
68,SANTANDER,68229,CURITÍ,Municipio,,,SANTANDER|CURITI
68,SANTANDER,68235,EL CARMEN DE CHUCURÍ,Municipio,,,SANTANDER|EL CARMEN DE CHUCURI
68,SANTANDER,68245,EL GUACAMAYO,Municipio,,,SANTANDER|EL GUACAMAYO
68,SANTANDER,68250,EL PEÑÓN,Municipio,,,SANTANDER|EL PENON
68,SANTANDER,68255,EL PLAYÓN,Municipio,,,SANTANDER|EL PLAYON
68,SANTANDER,68264,ENCINO,Municipio,,,SANTANDER|ENCINO
68,SANTANDER,68266,ENCISO,Municipio,,,SANTANDER|ENCISO
68,SANTANDER,68271,FLORIÁN,Municipio,,,SANTANDER|FLORIAN
68,SANTANDER,68276,FLORIDABLANCA,Municipio,,,SANTANDER|FLORIDABLANCA
68,SANTANDER,68296,GALÁN,Municipio,,,SANTANDER|GALAN
68,SANTANDER,68298,GÁMBITA,Municipio,,,SANTANDER|GAMBITA
68,SANTANDER,68307,GIRÓN,Municipio,,,SANTANDER|GIRON
68,SANTANDER,68318,GUACA,Municipio,,,SANTANDER|GUACA
68,SANTANDER,68320,GUADALUPE,Municipio,,,SANTANDER|GUADALUPE
68,SANTANDER,68322,GUAPOTÁ,Municipio,,,SANTANDER|GUAPOTA
68,SANTANDER,68324,GUAVATÁ,Municipio,,,SANTANDER|GUAVATA
68,SANTANDER,68327,GÜEPSA,Municipio,,,SANTANDER|GUEPSA
68,SANTANDER,68344,HATO,Municipio,,,SANTANDER|HATO
68,SANTANDER,68368,JESÚS MARÍA,Municipio,,,SANTANDER|JESUS MARIA
68,SANTANDER,68370,JORDÁN,Municipio,,,SANTANDER|JORDAN
68,SANTANDER,68377,LA BELLEZA,Municipio,,,SANTANDER|LA BELLEZA
68,SANTANDER,68385,LANDÁZURI,Municipio,,,SANTANDER|LANDAZURI
68,SANTANDER,68397,LA PAZ,Municipio,,,SANTANDER|LA PAZ
68,SANTANDER,68406,LEBRIJA,Municipio,,,SANTANDER|LEBRIJA
68,SANTANDER,68418,LOS SANTOS,Municipio,,,SANTANDER|LOS SANTOS
68,SANTANDER,68425,MACARAVITA,Municipio,,,SANTANDER|MACARAVITA
68,SANTANDER,68432,MÁLAGA,Municipio,,,SANTANDER|MALAGA
68,SANTANDER,68444,MATANZA,Municipio,,,SANTANDER|MATANZA
68,SANTANDER,68464,MOGOTES,Municipio,,,SANTANDER|MOGOTES
68,SANTANDER,68468,MOLAGAVITA,Municipio,,,SANTANDER|MOLAGAVITA
68,SANTANDER,68498,OCAMONTE,Municipio,,,SANTANDER|OCAMONTE
68,SANTANDER,68500,OIBA,Municipio,,,SANTANDER|OIBA
68,SANTANDER,68502,ONZAGA,Municipio,,,SANTANDER|ONZAGA
68,SANTANDER,68522,PALMAR,Municipio,,,SANTANDER|PALMAR
68,SANTANDER,68524,PALMAS DEL SOCORRO,Municipio,,,SANTANDER|PALMAS DEL SOCORRO
68,SANTANDER,68533,PÁRAMO,Municipio,,,SANTANDER|PARAMO
68,SANTANDER,68547,PIEDECUESTA,Municipio,,,SANTANDER|PIEDECUESTA
68,SANTANDER,68549,PINCHOTE,Municipio,,,SANTANDER|PINCHOTE
68,SANTANDER,68572,PUENTE NACIONAL,Municipio,,,SANTANDER|PUENTE NACIONAL
68,SANTANDER,68573,PUERTO PARRA,Municipio,,,SANTANDER|PUERTO PARRA
68,SANTANDER,68575,PUERTO WILCHES,Municipio,,,SANTANDER|PUERTO WILCHES
68,SANTANDER,68615,RIONEGRO,Municipio,,,SANTANDER|RIONEGRO
68,SANTANDER,68655,SABANA DE TORRES,Municipio,,,SANTANDER|SABANA DE TORRES
68,SANTANDER,68669,SAN ANDRÉS,Municipio,,,SANTANDER|SAN ANDRES
68,SANTANDER,68673,SAN BENITO,Municipio,,,SANTANDER|SAN BENITO
68,SANTANDER,68679,SAN GIL,Municipio,,,SANTANDER|SAN GIL
68,SANTANDER,68682,SAN JOAQUÍN,Municipio,,,SANTANDER|SAN JOAQUIN
68,SANTANDER,68684,SAN JOSÉ DE MIRANDA,Municipio,,,SANTANDER|SAN JOSE DE MIRANDA
68,SANTANDER,68686,SAN MIGUEL,Municipio,,,SANTANDER|SAN MIGUEL
68,SANTANDER,68689,SAN VICENTE DE CHUCURÍ,Municipio,,,SANTANDER|SAN VICENTE DE CHUCURI
68,SANTANDER,68705,SANTA BÁRBARA,Municipio,,,SANTANDER|SANTA BARBARA
68,SANTANDER,68720,SANTA HELENA DEL OPÓN,Municipio,,,SANTANDER|SANTA HELENA DEL OPON
68,SANTANDER,68745,SIMACOTA,Municipio,,,SANTANDER|SIMACOTA
68,SANTANDER,68755,SOCORRO,Municipio,,,SANTANDER|SOCORRO
68,SANTANDER,68770,SUAITA,Municipio,,,SANTANDER|SUAITA
68,SANTANDER,68773,SUCRE,Municipio,,,SANTANDER|SUCRE
68,SANTANDER,68780,SURATÁ,Municipio,,,SANTANDER|SURATA
68,SANTANDER,68820,TONA,Municipio,,,SANTANDER|TONA
68,SANTANDER,68855,VALLE DE SAN JOSÉ,Municipio,,,SANTANDER|VALLE DE SAN JOSE
68,SANTANDER,68861,VÉLEZ,Municipio,,,SANTANDER|VELEZ
68,SANTANDER,68867,VETAS,Municipio,,,SANTANDER|VETAS
68,SANTANDER,68872,VILLANUEVA,Municipio,,,SANTANDER|VILLANUEVA
68,SANTANDER,68895,ZAPATOCA,Municipio,,,SANTANDER|ZAPATOCA
70,SUCRE,70001,SINCELEJO,Municipio,,,SUCRE|SINCELEJO
70,SUCRE,70110,BUENAVISTA,Municipio,,,SUCRE|BUENAVISTA
70,SUCRE,70124,CAIMITO,Municipio,,,SUCRE|CAIMITO
70,SUCRE,70204,COLOSÓ,Municipio,,,SUCRE|COLOSO
70,SUCRE,70215,COROZAL,Municipio,,,SUCRE|COROZAL
70,SUCRE,70221,COVEÑAS,Municipio,,,SUCRE|COVENAS
70,SUCRE,70230,CHALÁN,Municipio,,,SUCRE|CHALAN
70,SUCRE,70233,EL ROBLE,Municipio,,,SUCRE|EL ROBLE
70,SUCRE,70235,GALERAS,Municipio,,,SUCRE|GALERAS
70,SUCRE,70265,GUARANDA,Municipio,,,SUCRE|GUARANDA
70,SUCRE,70400,LA UNIÓN,Municipio,,,SUCRE|LA UNION
70,SUCRE,70418,LOS PALMITOS,Municipio,,,SUCRE|LOS PALMITOS
70,SUCRE,70429,MAJAGUAL,Municipio,,,SUCRE|MAJAGUAL
70,SUCRE,70473,MORROA,Municipio,,,SUCRE|MORROA
70,SUCRE,70508,OVEJAS,Municipio,,,SUCRE|OVEJAS
70,SUCRE,70523,PALMITO,Municipio,,,SUCRE|PALMITO
70,SUCRE,70670,SAMPUÉS,Municipio,,,SUCRE|SAMPUES
70,SUCRE,70678,SAN BENITO ABAD,Municipio,,,SUCRE|SAN BENITO ABAD
70,SUCRE,70702,SAN JUAN DE BETULIA,Municipio,,,SUCRE|SAN JUAN DE BETULIA
70,SUCRE,70708,SAN MARCOS,Municipio,,,SUCRE|SAN MARCOS
70,SUCRE,70713,SAN ONOFRE,Municipio,,,SUCRE|SAN ONOFRE
70,SUCRE,70717,SAN PEDRO,Municipio,,,SUCRE|SAN PEDRO
70,SUCRE,70742,SAN LUIS DE SINCÉ,Municipio,,,SUCRE|SAN LUIS DE SINCE
70,SUCRE,70771,SUCRE,Municipio,,,SUCRE|SUCRE
70,SUCRE,70820,SANTIAGO DE TOLÚ,Municipio,,,SUCRE|SANTIAGO DE TOLU
70,SUCRE,70823,SAN JOSÉ DE TOLUVIEJO,Municipio,,,SUCRE|SAN JOSE DE TOLUVIEJO
73,TOLIMA,73001,IBAGUÉ,Municipio,,,TOLIMA|IBAGUE
73,TOLIMA,73024,ALPUJARRA,Municipio,,,TOLIMA|ALPUJARRA
73,TOLIMA,73026,ALVARADO,Municipio,,,TOLIMA|ALVARADO
73,TOLIMA,73030,AMBALEMA,Municipio,,,TOLIMA|AMBALEMA
73,TOLIMA,73043,ANZOÁTEGUI,Municipio,,,TOLIMA|ANZOATEGUI
73,TOLIMA,73055,ARMERO,Municipio,,,TOLIMA|ARMERO
73,TOLIMA,73067,ATACO,Municipio,,,TOLIMA|ATACO
73,TOLIMA,73124,CAJAMARCA,Municipio,,,TOLIMA|CAJAMARCA
73,TOLIMA,73148,CARMEN DE APICALÁ,Municipio,,,TOLIMA|CARMEN DE APICALA
73,TOLIMA,73152,CASABIANCA,Municipio,,,TOLIMA|CASABIANCA
73,TOLIMA,73168,CHAPARRAL,Municipio,,,TOLIMA|CHAPARRAL
73,TOLIMA,73200,COELLO,Municipio,,,TOLIMA|COELLO
73,TOLIMA,73217,COYAIMA,Municipio,,,TOLIMA|COYAIMA
73,TOLIMA,73226,CUNDAY,Municipio,,,TOLIMA|CUNDAY
73,TOLIMA,73236,DOLORES,Municipio,,,TOLIMA|DOLORES
73,TOLIMA,73268,ESPINAL,Municipio,,,TOLIMA|ESPINAL
73,TOLIMA,73270,FALAN,Municipio,,,TOLIMA|FALAN
73,TOLIMA,73275,FLANDES,Municipio,,,TOLIMA|FLANDES
73,TOLIMA,73283,FRESNO,Municipio,,,TOLIMA|FRESNO
73,TOLIMA,73319,GUAMO,Municipio,,,TOLIMA|GUAMO
73,TOLIMA,73347,HERVEO,Municipio,,,TOLIMA|HERVEO
73,TOLIMA,73349,HONDA,Municipio,,,TOLIMA|HONDA
73,TOLIMA,73352,ICONONZO,Municipio,,,TOLIMA|ICONONZO
73,TOLIMA,73408,LÉRIDA,Municipio,,,TOLIMA|LERIDA
73,TOLIMA,73411,LÍBANO,Municipio,,,TOLIMA|LIBANO
73,TOLIMA,73443,SAN SEBASTIÁN DE MARIQUITA,Municipio,,,TOLIMA|SAN SEBASTIAN DE MARIQUITA
73,TOLIMA,73449,MELGAR,Municipio,,,TOLIMA|MELGAR
73,TOLIMA,73461,MURILLO,Municipio,,,TOLIMA|MURILLO
73,TOLIMA,73483,NATAGAIMA,Municipio,,,TOLIMA|NATAGAIMA
73,TOLIMA,73504,ORTEGA,Municipio,,,TOLIMA|ORTEGA
73,TOLIMA,73520,PALOCABILDO,Municipio,,,TOLIMA|PALOCABILDO
73,TOLIMA,73547,PIEDRAS,Municipio,,,TOLIMA|PIEDRAS
73,TOLIMA,73555,PLANADAS,Municipio,,,TOLIMA|PLANADAS
73,TOLIMA,73563,PRADO,Municipio,,,TOLIMA|PRADO
73,TOLIMA,73585,PURIFICACIÓN,Municipio,,,TOLIMA|PURIFICACION
73,TOLIMA,73616,RIOBLANCO,Municipio,,,TOLIMA|RIOBLANCO
73,TOLIMA,73622,RONCESVALLES,Municipio,,,TOLIMA|RONCESVALLES
73,TOLIMA,73624,ROVIRA,Municipio,,,TOLIMA|ROVIRA
73,TOLIMA,73671,SALDAÑA,Municipio,,,TOLIMA|SALDANA
73,TOLIMA,73675,SAN ANTONIO,Municipio,,,TOLIMA|SAN ANTONIO
73,TOLIMA,73678,SAN LUIS,Municipio,,,TOLIMA|SAN LUIS
73,TOLIMA,73686,SANTA ISABEL,Municipio,,,TOLIMA|SANTA ISABEL
73,TOLIMA,73770,SUÁREZ,Municipio,,,TOLIMA|SUAREZ
73,TOLIMA,73854,VALLE DE SAN JUAN,Municipio,,,TOLIMA|VALLE DE SAN JUAN
73,TOLIMA,73861,VENADILLO,Municipio,,,TOLIMA|VENADILLO
73,TOLIMA,73870,VILLAHERMOSA,Municipio,,,TOLIMA|VILLAHERMOSA
73,TOLIMA,73873,VILLARRICA,Municipio,,,TOLIMA|VILLARRICA
76,VALLE DEL CAUCA,76001,SANTIAGO DE CALI,Municipio,,,VALLE DEL CAUCA|SANTIAGO DE CALI
76,VALLE DEL CAUCA,76020,ALCALÁ,Municipio,,,VALLE DEL CAUCA|ALCALA
76,VALLE DEL CAUCA,76036,ANDALUCÍA,Municipio,,,VALLE DEL CAUCA|ANDALUCIA
76,VALLE DEL CAUCA,76041,ANSERMANUEVO,Municipio,,,VALLE DEL CAUCA|ANSERMANUEVO
76,VALLE DEL CAUCA,76054,ARGELIA,Municipio,,,VALLE DEL CAUCA|ARGELIA
76,VALLE DEL CAUCA,76100,BOLÍVAR,Municipio,,,VALLE DEL CAUCA|BOLIVAR
76,VALLE DEL CAUCA,76109,BUENAVENTURA,Municipio,,,VALLE DEL CAUCA|BUENAVENTURA
76,VALLE DEL CAUCA,76111,GUADALAJARA DE BUGA,Municipio,,,VALLE DEL CAUCA|GUADALAJARA DE BUGA
76,VALLE DEL CAUCA,76113,BUGALAGRANDE,Municipio,,,VALLE DEL CAUCA|BUGALAGRANDE
76,VALLE DEL CAUCA,76122,CAICEDONIA,Municipio,,,VALLE DEL CAUCA|CAICEDONIA
76,VALLE DEL CAUCA,76126,CALIMA,Municipio,,,VALLE DEL CAUCA|CALIMA
76,VALLE DEL CAUCA,76130,CANDELARIA,Municipio,,,VALLE DEL CAUCA|CANDELARIA
76,VALLE DEL CAUCA,76147,CARTAGO,Municipio,,,VALLE DEL CAUCA|CARTAGO
76,VALLE DEL CAUCA,76233,DAGUA,Municipio,,,VALLE DEL CAUCA|DAGUA
76,VALLE DEL CAUCA,76243,EL ÁGUILA,Municipio,,,VALLE DEL CAUCA|EL AGUILA
76,VALLE DEL CAUCA,76246,EL CAIRO,Municipio,,,VALLE DEL CAUCA|EL CAIRO
76,VALLE DEL CAUCA,76248,EL CERRITO,Municipio,,,VALLE DEL CAUCA|EL CERRITO
76,VALLE DEL CAUCA,76250,EL DOVIO,Municipio,,,VALLE DEL CAUCA|EL DOVIO
76,VALLE DEL CAUCA,76275,FLORIDA,Municipio,,,VALLE DEL CAUCA|FLORIDA
76,VALLE DEL CAUCA,76306,GINEBRA,Municipio,,,VALLE DEL CAUCA|GINEBRA
76,VALLE DEL CAUCA,76318,GUACARÍ,Municipio,,,VALLE DEL CAUCA|GUACARI
76,VALLE DEL CAUCA,76364,JAMUNDÍ,Municipio,,,VALLE DEL CAUCA|JAMUNDI
76,VALLE DEL CAUCA,76377,LA CUMBRE,Municipio,,,VALLE DEL CAUCA|LA CUMBRE
76,VALLE DEL CAUCA,76400,LA UNIÓN,Municipio,,,VALLE DEL CAUCA|LA UNION
76,VALLE DEL CAUCA,76403,LA VICTORIA,Municipio,,,VALLE DEL CAUCA|LA VICTORIA
76,VALLE DEL CAUCA,76497,OBANDO,Municipio,,,VALLE DEL CAUCA|OBANDO
76,VALLE DEL CAUCA,76520,PALMIRA,Municipio,,,VALLE DEL CAUCA|PALMIRA
76,VALLE DEL CAUCA,76563,PRADERA,Municipio,,,VALLE DEL CAUCA|PRADERA
76,VALLE DEL CAUCA,76606,RESTREPO,Municipio,,,VALLE DEL CAUCA|RESTREPO
76,VALLE DEL CAUCA,76616,RIOFRÍO,Municipio,,,VALLE DEL CAUCA|RIOFRIO
76,VALLE DEL CAUCA,76622,ROLDANILLO,Municipio,,,VALLE DEL CAUCA|ROLDANILLO
76,VALLE DEL CAUCA,76670,SAN PEDRO,Municipio,,,VALLE DEL CAUCA|SAN PEDRO
76,VALLE DEL CAUCA,76736,SEVILLA,Municipio,,,VALLE DEL CAUCA|SEVILLA
76,VALLE DEL CAUCA,76823,TORO,Municipio,,,VALLE DEL CAUCA|TORO
76,VALLE DEL CAUCA,76828,TRUJILLO,Municipio,,,VALLE DEL CAUCA|TRUJILLO
76,VALLE DEL CAUCA,76834,TULUÁ,Municipio,,,VALLE DEL CAUCA|TULUA
76,VALLE DEL CAUCA,76845,ULLOA,Municipio,,,VALLE DEL CAUCA|ULLOA
76,VALLE DEL CAUCA,76863,VERSALLES,Municipio,,,VALLE DEL CAUCA|VERSALLES
76,VALLE DEL CAUCA,76869,VIJES,Municipio,,,VALLE DEL CAUCA|VIJES
76,VALLE DEL CAUCA,76890,YOTOCO,Municipio,,,VALLE DEL CAUCA|YOTOCO
76,VALLE DEL CAUCA,76892,YUMBO,Municipio,,,VALLE DEL CAUCA|YUMBO
76,VALLE DEL CAUCA,76895,ZARZAL,Municipio,,,VALLE DEL CAUCA|ZARZAL
81,ARAUCA,81001,ARAUCA,Municipio,,,ARAUCA|ARAUCA
81,ARAUCA,81065,ARAUQUITA,Municipio,,,ARAUCA|ARAUQUITA
81,ARAUCA,81220,CRAVO NORTE,Municipio,,,ARAUCA|CRAVO NORTE
81,ARAUCA,81300,FORTUL,Municipio,,,ARAUCA|FORTUL
81,ARAUCA,81591,PUERTO RONDÓN,Municipio,,,ARAUCA|PUERTO RONDON
81,ARAUCA,81736,SARAVENA,Municipio,,,ARAUCA|SARAVENA
81,ARAUCA,81794,TAME,Municipio,,,ARAUCA|TAME
85,CASANARE,85001,YOPAL,Municipio,,,CASANARE|YOPAL
85,CASANARE,85010,AGUAZUL,Municipio,,,CASANARE|AGUAZUL
85,CASANARE,85015,CHÁMEZA,Municipio,,,CASANARE|CHAMEZA
85,CASANARE,85125,HATO COROZAL,Municipio,,,CASANARE|HATO COROZAL
85,CASANARE,85136,LA SALINA,Municipio,,,CASANARE|LA SALINA
85,CASANARE,85139,MANÍ,Municipio,,,CASANARE|MANI
85,CASANARE,85162,MONTERREY,Municipio,,,CASANARE|MONTERREY
85,CASANARE,85225,NUNCHÍA,Municipio,,,CASANARE|NUNCHIA
85,CASANARE,85230,OROCUÉ,Municipio,,,CASANARE|OROCUE
85,CASANARE,85250,PAZ DE ARIPORO,Municipio,,,CASANARE|PAZ DE ARIPORO
85,CASANARE,85263,PORE,Municipio,,,CASANARE|PORE
85,CASANARE,85279,RECETOR,Municipio,,,CASANARE|RECETOR
85,CASANARE,85300,SABANALARGA,Municipio,,,CASANARE|SABANALARGA
85,CASANARE,85315,SÁCAMA,Municipio,,,CASANARE|SACAMA
85,CASANARE,85325,SAN LUIS DE PALENQUE,Municipio,,,CASANARE|SAN LUIS DE PALENQUE
85,CASANARE,85400,TÁMARA,Municipio,,,CASANARE|TAMARA
85,CASANARE,85410,TAURAMENA,Municipio,,,CASANARE|TAURAMENA
85,CASANARE,85430,TRINIDAD,Municipio,,,CASANARE|TRINIDAD
85,CASANARE,85440,VILLANUEVA,Municipio,,,CASANARE|VILLANUEVA
86,PUTUMAYO,86001,MOCOA,Municipio,,,PUTUMAYO|MOCOA
86,PUTUMAYO,86219,COLÓN,Municipio,,,PUTUMAYO|COLON
86,PUTUMAYO,86320,ORITO,Municipio,,,PUTUMAYO|ORITO
86,PUTUMAYO,86568,PUERTO ASÍS,Municipio,,,PUTUMAYO|PUERTO ASIS
86,PUTUMAYO,86569,PUERTO CAICEDO,Municipio,,,PUTUMAYO|PUERTO CAICEDO
86,PUTUMAYO,86571,PUERTO GUZMÁN,Municipio,,,PUTUMAYO|PUERTO GUZMAN
86,PUTUMAYO,86573,PUERTO LEGUÍZAMO,Municipio,,,PUTUMAYO|PUERTO LEGUIZAMO
86,PUTUMAYO,86749,SIBUNDOY,Municipio,,,PUTUMAYO|SIBUNDOY
86,PUTUMAYO,86755,SAN FRANCISCO,Municipio,,,PUTUMAYO|SAN FRANCISCO
86,PUTUMAYO,86757,SAN MIGUEL,Municipio,,,PUTUMAYO|SAN MIGUEL
86,PUTUMAYO,86760,SANTIAGO,Municipio,,,PUTUMAYO|SANTIAGO
86,PUTUMAYO,86865,VALLE DEL GUAMUEZ,Municipio,,,PUTUMAYO|VALLE DEL GUAMUEZ
86,PUTUMAYO,86885,VILLAGARZÓN,Municipio,,,PUTUMAYO|VILLAGARZON
88,"ARCHIPIÉLAGO DE SAN ANDRÉS, PROVIDENCIA Y SANTA CATALINA",88001,SAN ANDRÉS,Isla,,,ARCHIPIELAGO DE SAN ANDRES PROVIDENCIA Y SANTA CATALINA|SAN ANDRES
88,"ARCHIPIÉLAGO DE SAN ANDRÉS, PROVIDENCIA Y SANTA CATALINA",88564,PROVIDENCIA,Municipio,,,ARCHIPIELAGO DE SAN ANDRES PROVIDENCIA Y SANTA CATALINA|PROVIDENCIA
91,AMAZONAS,91001,LETICIA,Municipio,,,AMAZONAS|LETICIA
91,AMAZONAS,91263,EL ENCANTO,Área no municipalizada,,,AMAZONAS|EL ENCANTO
91,AMAZONAS,91405,LA CHORRERA,Área no municipalizada,,,AMAZONAS|LA CHORRERA
91,AMAZONAS,91407,LA PEDRERA,Área no municipalizada,,,AMAZONAS|LA PEDRERA
91,AMAZONAS,91430,LA VICTORIA,Área no municipalizada,,,AMAZONAS|LA VICTORIA
91,AMAZONAS,91460,MIRITÍ - PARANÁ,Área no municipalizada,,,AMAZONAS|MIRITI PARANA
91,AMAZONAS,91530,PUERTO ALEGRÍA,Área no municipalizada,,,AMAZONAS|PUERTO ALEGRIA
91,AMAZONAS,91536,PUERTO ARICA,Área no municipalizada,,,AMAZONAS|PUERTO ARICA
91,AMAZONAS,91540,PUERTO NARIÑO,Municipio,,,AMAZONAS|PUERTO NARINO
91,AMAZONAS,91669,PUERTO SANTANDER,Área no municipalizada,,,AMAZONAS|PUERTO SANTANDER
91,AMAZONAS,91798,TARAPACÁ,Área no municipalizada,,,AMAZONAS|TARAPACA
94,GUAINÍA,94001,INÍRIDA,Municipio,,,GUAINIA|INIRIDA
94,GUAINÍA,94343,BARRANCOMINAS,Municipio,,,GUAINIA|BARRANCOMINAS
94,GUAINÍA,94883,SAN FELIPE,Área no municipalizada,,,GUAINIA|SAN FELIPE
94,GUAINÍA,94884,PUERTO COLOMBIA,Área no municipalizada,,,GUAINIA|PUERTO COLOMBIA
94,GUAINÍA,94885,LA GUADALUPE,Área no municipalizada,,,GUAINIA|LA GUADALUPE
94,GUAINÍA,94886,CACAHUAL,Área no municipalizada,,,GUAINIA|CACAHUAL
94,GUAINÍA,94887,PANA PANA,Área no municipalizada,,,GUAINIA|PANA PANA
94,GUAINÍA,94888,MORICHAL,Área no municipalizada,,,GUAINIA|MORICHAL
95,GUAVIARE,95001,SAN JOSÉ DEL GUAVIARE,Municipio,,,GUAVIARE|SAN JOSE DEL GUAVIARE
95,GUAVIARE,95015,CALAMAR,Municipio,,,GUAVIARE|CALAMAR
95,GUAVIARE,95025,EL RETORNO,Municipio,,,GUAVIARE|EL RETORNO
95,GUAVIARE,95200,MIRAFLORES,Municipio,,,GUAVIARE|MIRAFLORES
97,VAUPÉS,97001,MITÚ,Municipio,,,VAUPES|MITU
97,VAUPÉS,97161,CARURÚ,Municipio,,,VAUPES|CARURU
97,VAUPÉS,97511,PACOA,Área no municipalizada,,,VAUPES|PACOA
97,VAUPÉS,97666,TARAIRA,Municipio,,,VAUPES|TARAIRA
97,VAUPÉS,97777,PAPUNAHUA,Área no municipalizada,,,VAUPES|PAPUNAHUA
97,VAUPÉS,97889,YAVARATÉ,Área no municipalizada,,,VAUPES|YAVARATE
99,VICHADA,99001,PUERTO CARREÑO,Municipio,,,VICHADA|PUERTO CARRENO
99,VICHADA,99524,LA PRIMAVERA,Municipio,,,VICHADA|LA PRIMAVERA
99,VICHADA,99624,SANTA ROSALÍA,Municipio,,,VICHADA|SANTA ROSALIA
99,VICHADA,99773,CUMARIBO,Municipio,,,VICHADA|CUMARIBO
