cod_mpio,cod_dpto,nom_mpio,poblacion,afiliados_total,af_subsidiado,af_contributivo,pct_rural_afiliados,fuente
05001,05,MEDELLÍN,2886117,2886117,852087.0,2034030.0,3.76,bdua
05002,05,ABEJORRAL,14928,14928,11876.0,3052.0,60.618,bdua
05004,05,ABRIAQUÍ,1684,1684,1353.0,331.0,63.064,bdua
05021,05,ALEJANDRÍA,3334,3334,2785.0,549.0,50.48,bdua
05030,05,AMAGÁ,26957,26957,11316.0,15641.0,27.919,bdua
05031,05,AMALFI,21344,21344,18312.0,3032.0,54.985,bdua
05034,05,ANDES,39449,39449,27417.0,12032.0,39.524,bdua
05036,05,ANGELÓPOLIS,3369,3369,2236.0,1133.0,41.615,bdua
05038,05,ANGOSTURA,9580,9580,8496.0,1084.0,80.438,bdua
05040,05,ANORÍ,17091,17091,15674.0,1417.0,67.819,bdua
05042,05,SANTA FÉ DE ANTIOQUIA,0,0,,,,bdua
05044,05,ANZÁ,6835,6835,5723.0,1112.0,70.827,bdua
05045,05,APARTADÓ,150785,150785,71301.0,79484.0,14.655,bdua
05051,05,ARBOLETES,28400,28400,24389.0,4011.0,47.472,bdua
05055,05,ARGELIA,6535,6535,5946.0,589.0,57.567,bdua
05059,05,ARMENIA,3100,3100,2440.0,660.0,57.613,bdua
05079,05,BARBOSA,48079,48079,22581.0,25498.0,25.464,bdua
05086,05,BELMIRA,3919,3919,2693.0,1226.0,56.673,bdua
05088,05,BELLO,520749,520749,162863.0,357886.0,3.731,bdua
05091,05,BETANIA,7221,7221,6171.0,1050.0,51.143,bdua
05093,05,BETULIA,14829,14829,13726.0,1103.0,66.451,bdua
05101,05,CIUDAD BOLÍVAR,0,0,,,,bdua
05107,05,BRICEÑO,5860,5860,5283.0,577.0,67.235,bdua
05113,05,BURITICÁ,8301,8301,6486.0,1815.0,60.92,bdua
05120,05,CÁCERES,24595,24595,23244.0,1351.0,49.632,bdua
05125,05,CAICEDO,7437,7437,6905.0,532.0,77.262,bdua
05129,05,CALDAS,97227,97227,23135.0,74092.0,6.262,bdua
05134,05,CAMPAMENTO,6761,6761,6256.0,505.0,68.274,bdua
05138,05,CAÑASGORDAS,13506,13506,11470.0,2036.0,59.766,bdua
05142,05,CARACOLÍ,3734,3734,2979.0,755.0,41.725,bdua
05145,05,CARAMANTA,4008,4008,3321.0,687.0,42.914,bdua
05147,05,CAREPA,59965,59965,33812.0,26153.0,21.859,bdua
05148,05,EL CARMEN DE VIBORAL,0,0,,,,bdua
05150,05,CAROLINA,2682,2682,1663.0,1019.0,27.666,bdua
05154,05,CAUCASIA,102300,102300,82768.0,19532.0,26.646,bdua
05172,05,CHIGORODÓ,75549,75549,44661.0,30888.0,24.338,bdua
05190,05,CISNEROS,9764,9764,6725.0,3039.0,24.734,bdua
05197,05,COCORNÁ,14606,14606,11939.0,2667.0,55.251,bdua
05206,05,CONCEPCIÓN,3597,3597,2680.0,917.0,55.24,bdua
05209,05,CONCORDIA,15175,15175,12213.0,2962.0,53.674,bdua
05212,05,COPACABANA,71701,71701,21763.0,49938.0,7.727,bdua
05234,05,DABEIBA,24015,24015,21771.0,2244.0,69.565,bdua
05237,05,DONMATÍAS,0,0,,,,bdua
05240,05,EBÉJICO,8105,8105,6489.0,1616.0,71.289,bdua
05250,05,EL BAGRE,58004,58004,49496.0,8508.0,35.07,bdua
05264,05,ENTRERRÍOS,9212,9212,3210.0,6002.0,34.043,bdua
05266,05,ENVIGADO,218019,218019,31790.0,186229.0,1.594,bdua
05282,05,FREDONIA,13341,13341,7974.0,5367.0,48.932,bdua
05284,05,FRONTINO,21431,21431,18762.0,2669.0,65.755,bdua
05306,05,GIRALDO,5164,5164,4264.0,900.0,56.933,bdua
05308,05,GIRARDOTA,55708,55708,17569.0,38139.0,14.563,bdua
05310,05,GÓMEZ PLATA,6643,6643,4795.0,1848.0,42.737,bdua
05313,05,GRANADA,8505,8505,6577.0,1928.0,44.327,bdua
05315,05,GUADALUPE,4782,4782,3773.0,1009.0,63.258,bdua
05318,05,GUARNE,54485,54485,18122.0,36363.0,24.787,bdua
05321,05,GUATAPÉ,7074,7074,4442.0,2632.0,27.014,bdua
05347,05,HELICONIA,3578,3578,2925.0,653.0,48.742,bdua
05353,05,HISPANIA,3337,3337,2610.0,727.0,46.659,bdua
05360,05,ITAGÜÍ,332113,332113,80865.0,251248.0,4.265,bdua
05361,05,ITUANGO,17783,17783,15428.0,2355.0,65.928,bdua
05364,05,JARDÍN,12754,12754,9369.0,3385.0,50.141,bdua
05368,05,JERICÓ,9719,9719,6585.0,3134.0,60.099,bdua
05376,05,LA CEJA,83679,83679,18237.0,65442.0,9.118,bdua
05380,05,LA ESTRELLA,63486,63486,15043.0,48443.0,3.824,bdua
05390,05,LA PINTADA,7684,7684,4845.0,2839.0,18.376,bdua
05400,05,LA UNIÓN,24707,24707,10873.0,13834.0,28.595,bdua
05411,05,LIBORINA,8234,8234,7101.0,1133.0,62.181,bdua
05425,05,MACEO,7885,7885,5844.0,2041.0,46.519,bdua
05440,05,MARINILLA,77992,77992,30096.0,47896.0,18.424,bdua
05467,05,MONTEBELLO,5049,5049,4293.0,756.0,67.736,bdua
05475,05,MURINDÓ,5237,5237,4882.0,355.0,74.203,bdua
05480,05,MUTATÁ,22500,22500,20250.0,2250.0,52.871,bdua
05483,05,NARIÑO,8122,8122,7437.0,685.0,66.461,bdua
05490,05,NECOCLÍ,54969,54969,49292.0,5677.0,59.95,bdua
05495,05,NECHÍ,28157,28157,26936.0,1221.0,44.522,bdua
05501,05,OLAYA,2140,2140,1865.0,275.0,58.645,bdua
05541,05,PEÑOL,19823,19823,13759.0,6064.0,40.776,bdua
05543,05,PEQUE,6887,6887,6383.0,504.0,75.011,bdua
05576,05,PUEBLORRICO,6155,6155,5232.0,923.0,56.864,bdua
05579,05,PUERTO BERRÍO,40339,40339,25957.0,14382.0,22.1,bdua
05585,05,PUERTO NARE,9139,9139,6788.0,2351.0,28.8,bdua
05591,05,PUERTO TRIUNFO,14761,14761,10739.0,4022.0,35.126,bdua
05604,05,REMEDIOS,31536,31536,25469.0,6067.0,47.961,bdua
05607,05,RETIRO,20661,20661,4764.0,15897.0,17.656,bdua
05615,05,RIONEGRO,218678,218678,46325.0,172353.0,11.998,bdua
05628,05,SABANALARGA,7594,7594,6873.0,721.0,62.734,bdua
05631,05,SABANETA,101418,101418,17096.0,84322.0,1.927,bdua
05642,05,SALGAR,14211,14211,12208.0,2003.0,53.986,bdua
05647,05,SAN ANDRÉS DE CUERQUÍA,0,0,,,,bdua
05649,05,SAN CARLOS,13095,13095,10349.0,2746.0,39.343,bdua
05652,05,SAN FRANCISCO,5277,5277,4790.0,487.0,45.594,bdua
05656,05,SAN JERÓNIMO,13312,13312,8342.0,4970.0,43.765,bdua
05658,05,SAN JOSÉ DE LA MONTAÑA,2622,2622,1747.0,875.0,40.16,bdua
05659,05,SAN JUAN DE URABÁ,23203,23203,21282.0,1921.0,52.42,bdua
05660,05,SAN LUIS,13793,13793,10599.0,3194.0,43.935,bdua
05664,05,SAN PEDRO DE LOS MILAGROS,0,0,,,,bdua
05665,05,SAN PEDRO DE URABÁ,32719,32719,30032.0,2687.0,56.729,bdua
05667,05,SAN RAFAEL,13791,13791,10254.0,3537.0,44.913,bdua
05670,05,SAN ROQUE,17726,17726,13918.0,3808.0,50.355,bdua
05674,05,SAN VICENTE FERRER,0,0,,,,bdua
05679,05,SANTA BÁRBARA,17165,17165,12481.0,4684.0,50.906,bdua
05686,05,SANTA ROSA DE OSOS,40045,40045,18022.0,22023.0,27.282,bdua
05690,05,SANTO DOMINGO,7926,7926,6239.0,1687.0,49.975,bdua
05697,05,EL SANTUARIO,0,0,,,,bdua
05736,05,SEGOVIA,44281,44281,30269.0,14012.0,25.681,bdua
05756,05,SONSÓN,31450,31450,24036.0,7414.0,46.095,bdua
05761,05,SOPETRÁN,11853,11853,9223.0,2630.0,46.511,bdua
05789,05,TÁMESIS,13174,13174,8982.0,4192.0,54.737,bdua
05790,05,TARAZÁ,27508,27508,25522.0,1986.0,43.896,bdua
05792,05,TARSO,4665,4665,3063.0,1602.0,42.808,bdua
05809,05,TITIRIBÍ,6421,6421,3377.0,3044.0,49.541,bdua
05819,05,TOLEDO,4458,4458,3710.0,748.0,66.465,bdua
05837,05,TURBO,141387,141387,100499.0,40888.0,27.454,bdua
05842,05,URAMITA,6011,6011,5369.0,642.0,75.096,bdua
05847,05,URRAO,30621,30621,25680.0,4941.0,54.809,bdua
05854,05,VALDIVIA,13769,13769,12818.0,951.0,70.521,bdua
05856,05,VALPARAÍSO,4175,4175,2890.0,1285.0,41.629,bdua
05858,05,VEGACHÍ,14032,14032,11777.0,2255.0,38.284,bdua
05861,05,VENECIA,8598,8598,5477.0,3121.0,40.684,bdua
05873,05,VIGÍA DEL FUERTE,7485,7485,7113.0,372.0,37.849,bdua
05885,05,YALÍ,6555,6555,5558.0,997.0,51.533,bdua
05887,05,YARUMAL,42267,42267,26109.0,16158.0,28.292,bdua
05890,05,YOLOMBÓ,19676,19676,15661.0,4015.0,56.007,bdua
05893,05,YONDÓ,9607,9607,8560.0,1047.0,45.196,bdua
05895,05,ZARAGOZA,26692,26692,24912.0,1780.0,52.96,bdua
08001,08,BARRANQUILLA,1557160,1557160,779896.0,777264.0,4.509,bdua
08078,08,BARANOA,59880,59880,44352.0,15528.0,15.418,bdua
08137,08,CAMPO DE LA CRUZ,26320,26320,24033.0,2287.0,17.47,bdua
08141,08,CANDELARIA,16511,16511,14898.0,1613.0,28.623,bdua
08296,08,GALAPA,46830,46830,33844.0,12986.0,13.788,bdua
08372,08,JUAN DE ACOSTA,18069,18069,15855.0,2214.0,28.026,bdua
08421,08,LURUACO,24132,24132,22022.0,2110.0,32.737,bdua
08433,08,MALAMBO,110597,110597,87439.0,23158.0,10.431,bdua
08436,08,MANATÍ,19289,19289,18269.0,1020.0,21.359,bdua
08520,08,PALMAR DE VARELA,19914,19914,16766.0,3148.0,7.281,bdua
08549,08,PIOJÓ,4253,4253,3814.0,439.0,22.619,bdua
08558,08,POLONUEVO,0,0,,,,bdua
08560,08,PONEDERA,21402,21402,19312.0,2090.0,29.31,bdua
08573,08,PUERTO COLOMBIA,32075,32075,19796.0,12279.0,4.879,bdua
08606,08,REPELÓN,25149,25149,22425.0,2724.0,24.796,bdua
08634,08,SABANAGRANDE,26464,26464,20670.0,5794.0,15.489,bdua
08638,08,SABANALARGA,103709,103709,73210.0,30499.0,14.264,bdua
08675,08,SANTA LUCÍA,12863,12863,12031.0,832.0,17.127,bdua
08685,08,SANTO TOMÁS,28488,28488,19722.0,8766.0,12.556,bdua
08758,08,SOLEDAD,608508,608508,331147.0,277361.0,3.949,bdua
08770,08,SUAN,10717,10717,9614.0,1103.0,10.217,bdua
08832,08,TUBARÁ,9582,9582,7500.0,2082.0,21.248,bdua
08849,08,USIACURÍ,7765,7765,6556.0,1209.0,8.873,bdua
11001,11,"BOGOTÁ, D.C.",7743118,7743118,1841042.0,5902076.0,1.683,bdua
13001,13,CARTAGENA DE INDIAS,0,0,,,,bdua
13006,13,ACHÍ,21986,21986,20872.0,1114.0,69.89,bdua
13030,13,ALTOS DEL ROSARIO,10400,10400,9675.0,725.0,63.519,bdua
13042,13,ARENAL,8402,8402,7828.0,574.0,16.651,bdua
13052,13,ARJONA,67453,67453,55169.0,12284.0,18.17,bdua
13062,13,ARROYOHONDO,9107,9107,8328.0,779.0,43.494,bdua
13074,13,BARRANCO DE LOBA,16820,16820,15631.0,1189.0,61.914,bdua
13140,13,CALAMAR,24422,24422,21789.0,2633.0,43.747,bdua
13160,13,CANTAGALLO,7631,7631,6261.0,1370.0,56.428,bdua
13188,13,CICUCO,13708,13708,12266.0,1442.0,53.407,bdua
13212,13,CÓRDOBA,16277,16277,14844.0,1433.0,57.234,bdua
13222,13,CLEMENCIA,12321,12321,11375.0,946.0,15.591,bdua
13244,13,EL CARMEN DE BOLÍVAR,79841,79841,69854.0,9987.0,28.247,bdua
13248,13,EL GUAMO,8070,8070,7035.0,1035.0,42.701,bdua
13268,13,EL PEÑÓN,6816,6816,6076.0,740.0,59.624,bdua
13300,13,HATILLO DE LOBA,13258,13258,12176.0,1082.0,61.163,bdua
13430,13,MAGANGUÉ,132477,132477,114157.0,18320.0,28.979,bdua
13433,13,MAHATES,25961,25961,23124.0,2837.0,46.192,bdua
13440,13,MARGARITA,8690,8690,8269.0,421.0,63.015,bdua
13442,13,MARÍA LA BAJA,51455,51455,44810.0,6645.0,42.771,bdua
13458,13,MONTECRISTO,11535,11535,10950.0,585.0,57.087,bdua
13468,13,SANTA CRUZ DE MOMPOX,0,0,,,,bdua
13473,13,MORALES,14070,14070,13144.0,926.0,36.127,bdua
13490,13,NOROSÍ,7162,7162,6688.0,474.0,64.13,bdua
13549,13,PINILLOS,23181,23181,21417.0,1764.0,81.433,bdua
13580,13,REGIDOR,6408,6408,5369.0,1039.0,47.16,bdua
13600,13,RÍO VIEJO,8165,8165,6999.0,1166.0,49.479,bdua
13620,13,SAN CRISTÓBAL,8154,8154,7041.0,1113.0,57.518,bdua
13647,13,SAN ESTANISLAO,16337,16337,14586.0,1751.0,28.249,bdua
13650,13,SAN FERNANDO,9586,9586,9182.0,404.0,53.839,bdua
13654,13,SAN JACINTO,25752,25752,22169.0,3583.0,16.581,bdua
13655,13,SAN JACINTO DEL CAUCA,9108,9108,8495.0,613.0,56.511,bdua
13657,13,SAN JUAN NEPOMUCENO,38184,38184,32732.0,5452.0,26.925,bdua
13667,13,SAN MARTÍN DE LOBA,15747,15747,14911.0,836.0,17.699,bdua
13670,13,SAN PABLO,29346,29346,26221.0,3125.0,30.72,bdua
13673,13,SANTA CATALINA,12073,12073,11134.0,939.0,39.327,bdua
13683,13,SANTA ROSA,19153,19153,16207.0,2946.0,9.153,bdua
13688,13,SANTA ROSA DEL SUR,47322,47322,41432.0,5890.0,31.231,bdua
13744,13,SIMITÍ,18519,18519,16851.0,1668.0,60.262,bdua
13760,13,SOPLAVIENTO,8465,8465,6955.0,1510.0,29.415,bdua
13780,13,TALAIGUA NUEVO,13218,13218,11576.0,1642.0,47.67,bdua
13810,13,TIQUISIO,22268,22268,21326.0,942.0,54.572,bdua
13836,13,TURBACO,90642,90642,54992.0,35650.0,14.232,bdua
13838,13,TURBANÁ,14535,14535,10542.0,3993.0,41.204,bdua
13873,13,VILLANUEVA,20190,20190,17676.0,2514.0,24.433,bdua
13894,13,ZAMBRANO,12330,12330,10280.0,2050.0,17.324,bdua
15001,15,TUNJA,210430,210430,71568.0,138862.0,9.519,bdua
15022,15,ALMEIDA,1265,1265,1079.0,186.0,77.154,bdua
15047,15,AQUITANIA,13321,13321,12328.0,993.0,59.095,bdua
15051,15,ARCABUCO,4502,4502,3656.0,846.0,58.108,bdua
15087,15,BELÉN,6826,6826,4906.0,1920.0,47.187,bdua
15090,15,BERBEO,1298,1298,1101.0,197.0,78.197,bdua
15092,15,BETÉITIVA,1187,1187,910.0,277.0,73.799,bdua
15097,15,BOAVITA,3875,3875,3338.0,537.0,60.542,bdua
15104,15,BOYACÁ,4479,4479,3862.0,617.0,76.624,bdua
15106,15,BRICEÑO,1878,1878,1709.0,169.0,81.949,bdua
15109,15,BUENAVISTA,3943,3943,3605.0,338.0,84.301,bdua
15114,15,BUSBANZÁ,803,803,526.0,277.0,45.828,bdua
15131,15,CALDAS,2307,2307,2093.0,214.0,83.832,bdua
15135,15,CAMPOHERMOSO,2258,2258,1966.0,292.0,76.794,bdua
15162,15,CERINZA,2764,2764,2107.0,657.0,59.949,bdua
15172,15,CHINAVITA,2281,2281,1956.0,325.0,62.779,bdua
15176,15,CHIQUINQUIRÁ,58142,58142,31388.0,26754.0,17.856,bdua
15180,15,CHISCAS,2524,2524,2320.0,204.0,75.872,bdua
15183,15,CHITA,6694,6694,6036.0,658.0,77.502,bdua
15185,15,CHITARAQUE,5148,5148,4759.0,389.0,80.42,bdua
15187,15,CHIVATÁ,2365,2365,1960.0,405.0,64.609,bdua
15189,15,CIÉNEGA,3648,3648,3295.0,353.0,75.439,bdua
15204,15,CÓMBITA,7250,7250,6042.0,1208.0,80.745,bdua
15212,15,COPER,2241,2241,2033.0,208.0,63.097,bdua
15215,15,CORRALES,1738,1738,1083.0,655.0,36.249,bdua
15218,15,COVARACHÍA,2519,2519,2327.0,192.0,81.302,bdua
15223,15,CUBARÁ,11194,11194,10138.0,1056.0,71.297,bdua
15224,15,CUCAITA,3135,3135,2708.0,427.0,56.045,bdua
15226,15,CUÍTIVA,1363,1363,1187.0,176.0,75.128,bdua
15232,15,CHÍQUIZA,3905,3905,3637.0,268.0,85.941,bdua
15236,15,CHIVOR,1689,1689,1442.0,247.0,64.062,bdua
15238,15,DUITAMA,132043,132043,53616.0,78427.0,13.319,bdua
15244,15,EL COCUY,3431,3431,2975.0,456.0,52.142,bdua
15248,15,EL ESPINO,1876,1876,1647.0,229.0,56.343,bdua
15272,15,FIRAVITOBA,4084,4084,2950.0,1134.0,55.999,bdua
15276,15,FLORESTA,2816,2816,2378.0,438.0,69.034,bdua
15293,15,GACHANTIVÁ,2449,2449,2177.0,272.0,82.074,bdua
15296,15,GÁMEZA,3728,3728,2905.0,823.0,61.427,bdua
15299,15,GARAGOA,15390,15390,9623.0,5767.0,23.106,bdua
15317,15,GUACAMAYAS,1123,1123,990.0,133.0,69.368,bdua
15322,15,GUATEQUE,8498,8498,5528.0,2970.0,31.231,bdua
15325,15,GUAYATÁ,2395,2395,2076.0,319.0,68.768,bdua
15332,15,GÜICÁN DE LA SIERRA,0,0,,,,bdua
15362,15,IZA,1499,1499,1050.0,449.0,48.232,bdua
15367,15,JENESANO,5540,5540,4901.0,639.0,76.209,bdua
15368,15,JERICÓ,3311,3311,2783.0,528.0,72.546,bdua
15377,15,LABRANZAGRANDE,2689,2689,2290.0,399.0,60.543,bdua
15380,15,LA CAPILLA,1827,1827,1666.0,161.0,67.98,bdua
15401,15,LA VICTORIA,885,885,789.0,96.0,79.548,bdua
15403,15,LA UVITA,1754,1754,1493.0,261.0,61.802,bdua
15407,15,VILLA DE LEYVA,15494,15494,9529.0,5965.0,38.208,bdua
15425,15,MACANAL,2856,2856,2489.0,367.0,72.304,bdua
15442,15,MARIPÍ,4372,4372,4009.0,363.0,83.028,bdua
15455,15,MIRAFLORES,7483,7483,5559.0,1924.0,46.385,bdua
15464,15,MONGUA,3246,3246,2490.0,756.0,55.206,bdua
15466,15,MONGUÍ,3311,3311,2494.0,817.0,49.653,bdua
15469,15,MONIQUIRÁ,30634,30634,19839.0,10795.0,40.181,bdua
15476,15,MOTAVITA,4091,4091,3550.0,541.0,84.551,bdua
15480,15,MUZO,6897,6897,5764.0,1133.0,45.716,bdua
15491,15,NOBSA,9604,9604,5518.0,4086.0,28.738,bdua
15494,15,NUEVO COLÓN,4132,4132,3799.0,333.0,80.058,bdua
15500,15,OICATÁ,1930,1930,1454.0,476.0,76.373,bdua
15507,15,OTANCHE,6704,6704,5918.0,786.0,50.492,bdua
15511,15,PACHAVITA,1450,1450,1302.0,148.0,81.724,bdua
15514,15,PÁEZ,2413,2413,2089.0,324.0,73.311,bdua
15516,15,PAIPA,36120,36120,16317.0,19803.0,30.487,bdua
15518,15,PAJARITO,1634,1634,1303.0,331.0,56.242,bdua
15522,15,PANQUEBA,1251,1251,1109.0,142.0,57.874,bdua
15531,15,PAUNA,5545,5545,5036.0,509.0,73.255,bdua
15533,15,PAYA,1855,1855,1695.0,160.0,71.105,bdua
15537,15,PAZ DE RÍO,3425,3425,1660.0,1765.0,38.015,bdua
15542,15,PESCA,5490,5490,4892.0,598.0,69.581,bdua
15550,15,PISBA,1436,1436,1299.0,137.0,75.139,bdua
15572,15,PUERTO BOYACÁ,49361,49361,31659.0,17702.0,20.828,bdua
15580,15,QUÍPAMA,4049,4049,3573.0,476.0,68.387,bdua
15599,15,RAMIRIQUÍ,8799,8799,7308.0,1491.0,63.61,bdua
15600,15,RÁQUIRA,5744,5744,4799.0,945.0,53.76,bdua
15621,15,RONDÓN,1736,1736,1594.0,142.0,77.189,bdua
15632,15,SABOYÁ,9857,9857,8930.0,927.0,87.582,bdua
15638,15,SÁCHICA,4778,4778,4232.0,546.0,53.328,bdua
15646,15,SAMACÁ,22362,22362,12944.0,9418.0,50.926,bdua
15660,15,SAN EDUARDO,1413,1413,1253.0,160.0,72.47,bdua
15664,15,SAN JOSÉ DE PARE,3827,3827,3564.0,263.0,76.692,bdua
15667,15,SAN LUIS DE GACENO,3589,3589,3078.0,511.0,51.101,bdua
15673,15,SAN MATEO,2590,2590,2262.0,328.0,66.641,bdua
15676,15,SAN MIGUEL DE SEMA,2237,2237,1660.0,577.0,73.938,bdua
15681,15,SAN PABLO DE BORBUR,5949,5949,5435.0,514.0,68.516,bdua
15686,15,SANTANA,7746,7746,6674.0,1072.0,50.284,bdua
15690,15,SANTA MARÍA,2581,2581,1924.0,657.0,44.75,bdua
15693,15,SANTA ROSA DE VITERBO,6515,6515,4939.0,1576.0,44.743,bdua
15696,15,SANTA SOFÍA,2472,2472,2200.0,272.0,67.476,bdua
15720,15,SATIVANORTE,1641,1641,1395.0,246.0,66.301,bdua
15723,15,SATIVASUR,812,812,581.0,231.0,69.704,bdua
15740,15,SIACHOQUE,5750,5750,5179.0,571.0,81.983,bdua
15753,15,SOATÁ,8950,8950,5790.0,3160.0,28.894,bdua
15755,15,SOCOTÁ,6540,6540,4785.0,1755.0,70.168,bdua
15757,15,SOCHA,8425,8425,4565.0,3860.0,50.386,bdua
15759,15,SOGAMOSO,144895,144895,60093.0,84802.0,14.948,bdua
15761,15,SOMONDOCO,1620,1620,1419.0,201.0,74.012,bdua
15762,15,SORA,2170,2170,1918.0,252.0,71.475,bdua
15763,15,SOTAQUIRÁ,5410,5410,3884.0,1526.0,72.847,bdua
15764,15,SORACÁ,5478,5478,4592.0,886.0,72.161,bdua
15774,15,SUSACÓN,1759,1759,1591.0,168.0,79.022,bdua
15776,15,SUTAMARCHÁN,5504,5504,4690.0,814.0,63.772,bdua
15778,15,SUTATENZA,2760,2760,2226.0,534.0,77.101,bdua
15790,15,TASCO,4599,4599,2807.0,1792.0,63.427,bdua
15798,15,TENZA,2815,2815,2246.0,569.0,69.449,bdua
15804,15,TIBANÁ,6418,6418,5896.0,522.0,81.24,bdua
15806,15,TIBASOSA,7299,7299,5307.0,1992.0,52.267,bdua
15808,15,TINJACÁ,2382,2382,1980.0,402.0,65.953,bdua
15810,15,TIPACOQUE,2916,2916,2600.0,316.0,73.937,bdua
15814,15,TOCA,8869,8869,6873.0,1996.0,54.2,bdua
15816,15,TOGÜÍ,4014,4014,3787.0,227.0,84.355,bdua
15820,15,TÓPAGA,2773,2773,1960.0,813.0,55.536,bdua
15822,15,TOTA,4292,4292,3978.0,314.0,81.594,bdua
15832,15,TUNUNGUÁ,1342,1342,1239.0,103.0,86.513,bdua
15835,15,TURMEQUÉ,4706,4706,4247.0,459.0,69.911,bdua
15837,15,TUTA,6102,6102,4582.0,1520.0,69.6,bdua
15839,15,TUTAZÁ,0,0,,,,bdua
15842,15,ÚMBITA,5239,5239,4811.0,428.0,84.329,bdua
15861,15,VENTAQUEMADA,13084,13084,10675.0,2409.0,71.522,bdua
15879,15,VIRACACHÁ,2017,2017,1867.0,150.0,79.623,bdua
15897,15,ZETAQUIRA,3914,3914,3521.0,393.0,77.593,bdua
17001,17,MANIZALES,438145,438145,111488.0,326657.0,5.739,bdua
17013,17,AGUADAS,19678,19678,13967.0,5711.0,42.271,bdua
17042,17,ANSERMA,31175,31175,23677.0,7498.0,37.405,bdua
17050,17,ARANZAZU,11898,11898,8889.0,3009.0,35.359,bdua
17088,17,BELALCÁZAR,8858,8858,6886.0,1972.0,49.548,bdua
17174,17,CHINCHINÁ,54811,54811,29111.0,25700.0,14.371,bdua
17272,17,FILADELFIA,7470,7470,6030.0,1440.0,53.36,bdua
17380,17,LA DORADA,67812,67812,40869.0,26943.0,15.991,bdua
17388,17,LA MERCED,4376,4376,3398.0,978.0,48.355,bdua
17433,17,MANZANARES,15027,15027,12326.0,2701.0,44.972,bdua
17442,17,MARMATO,9526,9526,5816.0,3710.0,43.114,bdua
17444,17,MARQUETALIA,12163,12163,10447.0,1716.0,50.818,bdua
17446,17,MARULANDA,1687,1687,1294.0,393.0,44.458,bdua
17486,17,NEIRA,16358,16358,11042.0,5316.0,37.774,bdua
17495,17,NORCASIA,6087,6087,4769.0,1318.0,36.34,bdua
17513,17,PÁCORA,12139,12139,8898.0,3241.0,40.621,bdua
17524,17,PALESTINA,10622,10622,7806.0,2816.0,26.332,bdua
17541,17,PENSILVANIA,15846,15846,12398.0,3448.0,49.596,bdua
17614,17,RIOSUCIO,47035,47035,36028.0,11007.0,69.087,bdua
17616,17,RISARALDA,9798,9798,7761.0,2037.0,53.256,bdua
17653,17,SALAMINA,14229,14229,9671.0,4558.0,35.73,bdua
17662,17,SAMANÁ,17949,17949,15731.0,2218.0,58.215,bdua
17665,17,SAN JOSÉ,0,0,,,,bdua
17777,17,SUPÍA,28334,28334,19235.0,9099.0,50.847,bdua
17867,17,VICTORIA,7040,7040,5431.0,1609.0,45.241,bdua
17873,17,VILLAMARÍA,25733,25733,13334.0,12399.0,16.745,bdua
17877,17,VITERBO,11451,11451,6925.0,4526.0,20.697,bdua
18001,18,FLORENCIA,176583,176583,121892.0,54691.0,12.704,bdua
18029,18,ALBANIA,4360,4360,3968.0,392.0,49.014,bdua
18094,18,BELÉN DE LOS ANDAQUÍES,9100,9100,8224.0,876.0,36.692,bdua
18150,18,CARTAGENA DEL CHAIRÁ,33871,33871,32055.0,1816.0,50.438,bdua
18205,18,CURILLO,9204,9204,8751.0,453.0,36.658,bdua
18247,18,EL DONCELLO,18363,18363,16059.0,2304.0,30.774,bdua
18256,18,EL PAUJÍL,13908,13908,12881.0,1027.0,45.449,bdua
18410,18,LA MONTAÑITA,13353,13353,12653.0,700.0,71.422,bdua
18460,18,MILÁN,7563,7563,7187.0,376.0,65.411,bdua
18479,18,MORELIA,3665,3665,3349.0,316.0,39.7,bdua
18592,18,PUERTO RICO,24422,24422,22503.0,1919.0,43.444,bdua
18610,18,SAN JOSÉ DEL FRAGUA,0,0,,,,bdua
18753,18,SAN VICENTE DEL CAGUÁN,58571,58571,53051.0,5520.0,50.228,bdua
18756,18,SOLANO,9740,9740,9340.0,400.0,61.396,bdua
18785,18,SOLITA,8726,8726,8444.0,282.0,37.394,bdua
18860,18,VALPARAÍSO,5635,5635,5247.0,388.0,56.38,bdua
19001,19,POPAYÁN,333116,333116,185356.0,147760.0,18.345,bdua
19022,19,ALMAGUER,15427,15427,14717.0,710.0,91.23,bdua
19050,19,ARGELIA,26962,26962,26233.0,729.0,81.099,bdua
19075,19,BALBOA,20803,20803,20121.0,682.0,66.832,bdua
19100,19,BOLÍVAR,34287,34287,32340.0,1947.0,81.206,bdua
19110,19,BUENOS AIRES,23996,23996,22522.0,1474.0,85.656,bdua
19130,19,CAJIBÍO,32677,32677,31167.0,1510.0,91.658,bdua
19137,19,CALDONO,38423,38423,35967.0,2456.0,94.152,bdua
19142,19,CALOTO,22475,22475,18596.0,3879.0,73.446,bdua
19212,19,CORINTO,26595,26595,22640.0,3955.0,54.804,bdua
19256,19,EL TAMBO,42694,42694,40546.0,2148.0,88.326,bdua
19290,19,FLORENCIA,5722,5722,5446.0,276.0,75.096,bdua
19300,19,GUACHENÉ,11202,11202,7586.0,3616.0,37.181,bdua
19318,19,GUAPI,22834,22834,20360.0,2474.0,30.512,bdua
19355,19,INZÁ,25821,25821,24170.0,1651.0,91.77,bdua
19364,19,JAMBALÓ,16462,16462,15562.0,900.0,95.444,bdua
19392,19,LA SIERRA,9645,9645,9046.0,599.0,79.554,bdua
19397,19,LA VEGA,16991,16991,16019.0,972.0,90.825,bdua
19418,19,LÓPEZ DE MICAY,11995,11995,11576.0,419.0,64.602,bdua
19450,19,MERCADERES,14407,14407,13620.0,787.0,58.465,bdua
19455,19,MIRANDA,25258,25258,17195.0,8063.0,32.291,bdua
19473,19,MORALES,31641,31641,30002.0,1639.0,90.525,bdua
19513,19,PADILLA,6853,6853,5198.0,1655.0,35.663,bdua
19517,19,PÁEZ,35280,35280,33087.0,2193.0,87.857,bdua
19532,19,PATÍA,0,0,,,,bdua
19533,19,PIAMONTE,8371,8371,7896.0,475.0,62.597,bdua
19548,19,PIENDAMÓ - TUNÍA,0,0,,,,bdua
19573,19,PUERTO TEJADA,53722,53722,26861.0,26861.0,9.988,bdua
19585,19,PURACÉ,14969,14969,13886.0,1083.0,88.65,bdua
19622,19,ROSAS,8888,8888,8220.0,668.0,82.64,bdua
19693,19,SAN SEBASTIÁN,8067,8067,7626.0,441.0,91.509,bdua
19698,19,SANTANDER DE QUILICHAO,117377,117377,79920.0,37457.0,39.103,bdua
19701,19,SANTA ROSA,3452,3452,3141.0,311.0,79.664,bdua
19743,19,SILVIA,34468,34468,31549.0,2919.0,91.56,bdua
19760,19,SOTARÁ - PAISPAMBA,0,0,,,,bdua
19780,19,SUÁREZ,20787,20787,19765.0,1022.0,68.192,bdua
19785,19,SUCRE,6433,6433,6145.0,288.0,79.092,bdua
19807,19,TIMBÍO,29299,29299,25498.0,3801.0,60.091,bdua
19809,19,TIMBIQUÍ,19232,19232,18197.0,1035.0,44.504,bdua
19821,19,TORIBÍO,33766,33766,32136.0,1630.0,92.155,bdua
19824,19,TOTORÓ,20413,20413,19051.0,1362.0,95.567,bdua
19845,19,VILLA RICA,13824,13824,9055.0,4769.0,18.157,bdua
20001,20,VALLEDUPAR,548040,548040,353289.0,194751.0,12.87,bdua
20011,20,AGUACHICA,115798,115798,85246.0,30552.0,18.012,bdua
20013,20,AGUSTÍN CODAZZI,0,0,,,,bdua
20032,20,ASTREA,20119,20119,18674.0,1445.0,38.799,bdua
20045,20,BECERRIL,21426,21426,19500.0,1926.0,28.932,bdua
20060,20,BOSCONIA,48207,48207,37477.0,10730.0,8.115,bdua
20175,20,CHIMICHAGUA,29576,29576,27370.0,2206.0,35.299,bdua
20178,20,CHIRIGUANÁ,29243,29243,24317.0,4926.0,21.492,bdua
20228,20,CURUMANÍ,41654,41654,36547.0,5107.0,27.395,bdua
20238,20,EL COPEY,31471,31471,24996.0,6475.0,23.619,bdua
20250,20,EL PASO,41075,41075,28984.0,12091.0,26.705,bdua
20295,20,GAMARRA,11011,11011,9894.0,1117.0,18.699,bdua
20310,20,GONZÁLEZ,3805,3805,3624.0,181.0,64.888,bdua
20383,20,LA GLORIA,11720,11720,9975.0,1745.0,26.527,bdua
20400,20,LA JAGUA DE IBIRICO,45366,45366,31824.0,13542.0,20.132,bdua
20443,20,MANAURE BALCÓN DEL CESAR,10224,10224,9480.0,744.0,20.227,bdua
20517,20,PAILITAS,21604,21604,19616.0,1988.0,22.153,bdua
20550,20,PELAYA,22118,22118,19000.0,3118.0,19.929,bdua
20570,20,PUEBLO BELLO,38469,38469,37448.0,1021.0,73.522,bdua
20614,20,RÍO DE ORO,9033,9033,8395.0,638.0,56.083,bdua
20621,20,LA PAZ,0,0,,,,bdua
20710,20,SAN ALBERTO,29928,29928,17133.0,12795.0,28.595,bdua
20750,20,SAN DIEGO,18611,18611,17390.0,1221.0,30.439,bdua
20770,20,SAN MARTÍN,24547,24547,17853.0,6694.0,32.077,bdua
20787,20,TAMALAMEQUE,11750,11750,10771.0,979.0,24.715,bdua
23001,23,MONTERÍA,518648,518648,328026.0,190622.0,15.983,bdua
23068,23,AYAPEL,41658,41658,37845.0,3813.0,29.478,bdua
23079,23,BUENAVISTA,18135,18135,15840.0,2295.0,41.599,bdua
23090,23,CANALETE,17239,17239,15773.0,1466.0,50.403,bdua
23162,23,CERETÉ,95201,95201,69571.0,25630.0,33.293,bdua
23168,23,CHIMÁ,12110,12110,11170.0,940.0,46.813,bdua
23182,23,CHINÚ,42249,42249,37063.0,5186.0,44.569,bdua
23189,23,CIÉNAGA DE ORO,55160,55160,47580.0,7580.0,55.899,bdua
23300,23,COTORRA,16260,16260,14388.0,1872.0,58.887,bdua
23350,23,LA APARTADA,11113,11113,10135.0,978.0,18.429,bdua
23417,23,LORICA,109588,109588,91742.0,17846.0,42.837,bdua
23419,23,LOS CÓRDOBAS,14512,14512,13808.0,704.0,56.271,bdua
23464,23,MOMIL,15018,15018,13495.0,1523.0,31.342,bdua
23466,23,MONTELÍBANO,82146,82146,59630.0,22516.0,19.054,bdua
23500,23,MOÑITOS,25014,25014,23233.0,1781.0,61.737,bdua
23555,23,PLANETA RICA,66650,66650,53653.0,12997.0,33.796,bdua
23570,23,PUEBLO NUEVO,30553,30553,25758.0,4795.0,54.944,bdua
23574,23,PUERTO ESCONDIDO,20004,20004,18750.0,1254.0,63.627,bdua
23580,23,PUERTO LIBERTADOR,41087,41087,36951.0,4136.0,51.053,bdua
23586,23,PURÍSIMA DE LA CONCEPCIÓN,0,0,,,,bdua
23660,23,SAHAGÚN,90742,90742,76747.0,13995.0,40.164,bdua
23670,23,SAN ANDRÉS DE SOTAVENTO,39693,39693,36610.0,3083.0,80.138,bdua
23672,23,SAN ANTERO,29484,29484,25805.0,3679.0,37.38,bdua
23675,23,SAN BERNARDO DEL VIENTO,31988,31988,28999.0,2989.0,58.05,bdua
23678,23,SAN CARLOS,17515,17515,16411.0,1104.0,62.975,bdua
23682,23,SAN JOSÉ DE URÉ,8753,8753,8111.0,642.0,48.84,bdua
23686,23,SAN PELAYO,36065,36065,32633.0,3432.0,60.397,bdua
23807,23,TIERRALTA,94486,94486,85905.0,8581.0,50.006,bdua
23815,23,TUCHÍN,39154,39154,37058.0,2096.0,88.698,bdua
23855,23,VALENCIA,31665,31665,28964.0,2701.0,48.451,bdua
25001,25,AGUA DE DIOS,8063,8063,4663.0,3400.0,14.337,bdua
25019,25,ALBÁN,2901,2901,2225.0,676.0,54.119,bdua
25035,25,ANAPOIMA,10051,10051,5875.0,4176.0,35.867,bdua
25040,25,ANOLAIMA,10107,10107,7382.0,2725.0,40.061,bdua
25053,25,ARBELÁEZ,7723,7723,5478.0,2245.0,46.497,bdua
25086,25,BELTRÁN,1074,1074,939.0,135.0,43.296,bdua
25095,25,BITUIMA,1264,1264,1094.0,170.0,67.405,bdua
25099,25,BOJACÁ,5399,5399,2215.0,3184.0,13.799,bdua
25120,25,CABRERA,3149,3149,2905.0,244.0,54.97,bdua
25123,25,CACHIPAY,7418,7418,5618.0,1800.0,48.086,bdua
25126,25,CAJICÁ,77865,77865,16811.0,61054.0,14.895,bdua
25148,25,CAPARRAPÍ,8245,8245,7546.0,699.0,66.877,bdua
25151,25,CÁQUEZA,17525,17525,12038.0,5487.0,49.272,bdua
25154,25,CARMEN DE CARUPA,5928,5928,4771.0,1157.0,55.634,bdua
25168,25,CHAGUANÍ,2123,2123,1866.0,257.0,66.133,bdua
25175,25,CHÍA,191561,191561,31635.0,159926.0,10.42,bdua
25178,25,CHIPAQUE,7325,7325,5547.0,1778.0,56.423,bdua
25181,25,CHOACHÍ,6945,6945,5147.0,1798.0,52.714,bdua
25183,25,CHOCONTÁ,20430,20430,11666.0,8764.0,36.701,bdua
25200,25,COGUA,10705,10705,4782.0,5923.0,38.571,bdua
25214,25,COTA,24439,24439,7435.0,17004.0,16.891,bdua
25224,25,CUCUNUBÁ,5161,5161,2319.0,2842.0,61.151,bdua
25245,25,EL COLEGIO,19694,19694,13389.0,6305.0,35.361,bdua
25258,25,EL PEÑÓN,0,0,,,,bdua
25260,25,EL ROSAL,24531,24531,8592.0,15939.0,15.491,bdua
25269,25,FACATATIVÁ,166670,166670,45637.0,121033.0,7.647,bdua
25279,25,FÓMEQUE,10148,10148,7279.0,2869.0,52.296,bdua
25281,25,FOSCA,5003,5003,4356.0,647.0,57.366,bdua
25286,25,FUNZA,105906,105906,22942.0,82964.0,3.979,bdua
25288,25,FÚQUENE,3222,3222,2237.0,985.0,71.012,bdua
25290,25,FUSAGASUGÁ,153711,153711,64835.0,88876.0,11.572,bdua
25293,25,GACHALÁ,3112,3112,2435.0,677.0,51.799,bdua
25295,25,GACHANCIPÁ,11816,11816,3595.0,8221.0,28.766,bdua
25297,25,GACHETÁ,7828,7828,5222.0,2606.0,43.153,bdua
25299,25,GAMA,2227,2227,1904.0,323.0,74.046,bdua
25307,25,GIRARDOT,143683,143683,56720.0,86963.0,5.623,bdua
25312,25,GRANADA,4106,4106,3413.0,693.0,55.017,bdua
25317,25,GUACHETÁ,12291,12291,5346.0,6945.0,43.959,bdua
25320,25,GUADUAS,19804,19804,13421.0,6383.0,31.453,bdua
25322,25,GUASCA,11663,11663,3877.0,7786.0,39.047,bdua
25324,25,GUATAQUÍ,1334,1334,1021.0,313.0,23.013,bdua
25326,25,GUATAVITA,5457,5457,2874.0,2583.0,48.25,bdua
25328,25,GUAYABAL DE SÍQUIMA,2266,2266,1860.0,406.0,57.282,bdua
25335,25,GUAYABETAL,3918,3918,3285.0,633.0,49.796,bdua
25339,25,GUTIÉRREZ,2746,2746,2472.0,274.0,66.46,bdua
25368,25,JERUSALÉN,1655,1655,1417.0,238.0,61.692,bdua
25372,25,JUNÍN,3843,3843,3376.0,467.0,75.8,bdua
25377,25,LA CALERA,19653,19653,6114.0,13539.0,24.475,bdua
25386,25,LA MESA,39267,39267,20422.0,18845.0,29.951,bdua
25394,25,LA PALMA,6686,6686,5689.0,997.0,43.718,bdua
25398,25,LA PEÑA,3572,3572,3268.0,304.0,82.447,bdua
25402,25,LA VEGA,15287,15287,9156.0,6131.0,37.398,bdua
25407,25,LENGUAZAQUE,7575,7575,4364.0,3211.0,54.878,bdua
25426,25,MACHETÁ,4761,4761,4024.0,737.0,74.228,bdua
25430,25,MADRID,120195,120195,29497.0,90698.0,7.404,bdua
25436,25,MANTA,2400,2400,2046.0,354.0,75.458,bdua
25438,25,MEDINA,7414,7414,5828.0,1586.0,33.477,bdua
25473,25,MOSQUERA,104419,104419,27825.0,76594.0,5.332,bdua
25483,25,NARIÑO,1289,1289,1043.0,246.0,29.015,bdua
25486,25,NEMOCÓN,11675,11675,4389.0,7286.0,33.97,bdua
25488,25,NILO,2457,2457,1791.0,666.0,47.578,bdua
25489,25,NIMAIMA,1830,1830,1563.0,267.0,57.978,bdua
25491,25,NOCAIMA,3512,3512,2771.0,741.0,52.136,bdua
25506,25,VENECIA,3548,3548,3174.0,374.0,55.186,bdua
25513,25,PACHO,24557,24557,16368.0,8189.0,36.902,bdua
25518,25,PAIME,3177,3177,2866.0,311.0,58.798,bdua
25524,25,PANDI,3123,3123,2753.0,370.0,63.401,bdua
25530,25,PARATEBUENO,6133,6133,3608.0,2525.0,34.143,bdua
25535,25,PASCA,7469,7469,6708.0,761.0,56.165,bdua
25572,25,PUERTO SALGAR,8415,8415,6228.0,2187.0,25.395,bdua
25580,25,PULÍ,1326,1326,1200.0,126.0,61.463,bdua
25592,25,QUEBRADANEGRA,2681,2681,2232.0,449.0,62.253,bdua
25594,25,QUETAME,4480,4480,3705.0,775.0,52.723,bdua
25596,25,QUIPILE,4020,4020,3775.0,245.0,61.965,bdua
25599,25,APULO,5924,5924,3921.0,2003.0,40.496,bdua
25612,25,RICAURTE,5393,5393,3595.0,1798.0,30.076,bdua
25645,25,SAN ANTONIO DEL TEQUENDAMA,0,0,,,,bdua
25649,25,SAN BERNARDO,5978,5978,5301.0,677.0,55.554,bdua
25653,25,SAN CAYETANO,2481,2481,2201.0,280.0,68.601,bdua
25658,25,SAN FRANCISCO,6313,6313,4330.0,1983.0,38.001,bdua
25662,25,SAN JUAN DE RIOSECO,0,0,,,,bdua
25718,25,SASAIMA,7677,7677,4766.0,2911.0,52.403,bdua
25736,25,SESQUILÉ,9718,9718,3631.0,6087.0,46.213,bdua
25740,25,SIBATÉ,19024,19024,10750.0,8274.0,21.851,bdua
25743,25,SILVANIA,16862,16862,13534.0,3328.0,50.854,bdua
25745,25,SIMIJACA,7633,7633,5779.0,1854.0,35.202,bdua
25754,25,SOACHA,594799,594799,196118.0,398681.0,3.962,bdua
25758,25,SOPÓ,22461,22461,4139.0,18322.0,23.392,bdua
25769,25,SUBACHOQUE,10517,10517,4475.0,6042.0,28.078,bdua
25772,25,SUESCA,15145,15145,4950.0,10195.0,35.107,bdua
25777,25,SUPATÁ,2930,2930,2411.0,519.0,56.314,bdua
25779,25,SUSA,4821,4821,3869.0,952.0,58.224,bdua
25781,25,SUTATAUSA,3323,3323,1523.0,1800.0,50.105,bdua
25785,25,TABIO,14905,14905,5057.0,9848.0,32.908,bdua
25793,25,TAUSA,5749,5749,3071.0,2678.0,59.541,bdua
25797,25,TENA,4333,4333,3402.0,931.0,63.489,bdua
25799,25,TENJO,17948,17948,5173.0,12775.0,29.992,bdua
25805,25,TIBACUY,2679,2679,2310.0,369.0,71.295,bdua
25807,25,TIBIRITA,1508,1508,1436.0,72.0,79.377,bdua
25815,25,TOCAIMA,10543,10543,7666.0,2877.0,27.819,bdua
25817,25,TOCANCIPÁ,54284,54284,12206.0,42078.0,24.353,bdua
25823,25,TOPAIPÍ,2481,2481,2224.0,257.0,61.991,bdua
25839,25,UBALÁ,5219,5219,4337.0,882.0,64.495,bdua
25841,25,UBAQUE,4313,4313,3620.0,693.0,65.732,bdua
25843,25,VILLA DE SAN DIEGO DE UBATÉ,0,0,,,,bdua
25845,25,UNE,5584,5584,4929.0,655.0,40.204,bdua
25851,25,ÚTICA,3154,3154,2598.0,556.0,39.886,bdua
25862,25,VERGARA,4704,4704,4151.0,553.0,70.429,bdua
25867,25,VIANÍ,2858,2858,2372.0,486.0,56.928,bdua
25871,25,VILLAGÓMEZ,1441,1441,1222.0,219.0,55.586,bdua
25873,25,VILLAPINZÓN,13979,13979,10243.0,3736.0,56.17,bdua
25875,25,VILLETA,31963,31963,14858.0,17105.0,19.698,bdua
25878,25,VIOTÁ,9473,9473,7849.0,1624.0,59.39,bdua
25885,25,YACOPÍ,8087,8087,7280.0,807.0,56.696,bdua
25898,25,ZIPACÓN,2421,2421,1654.0,767.0,39.57,bdua
25899,25,ZIPAQUIRÁ,176253,176253,42463.0,133790.0,8.753,bdua
27001,27,QUIBDÓ,139811,139811,105914.0,33897.0,15.868,bdua
27006,27,ACANDÍ,12966,12966,11960.0,1006.0,30.449,bdua
27025,27,ALTO BAUDÓ,19725,19725,18661.0,1064.0,55.569,bdua
27050,27,ATRATO,4696,4696,4384.0,312.0,43.356,bdua
27073,27,BAGADÓ,10260,10260,9708.0,552.0,73.129,bdua
27075,27,BAHÍA SOLANO,10254,10254,9820.0,434.0,41.32,bdua
27077,27,BAJO BAUDÓ,16113,16113,15492.0,621.0,68.286,bdua
27099,27,BOJAYÁ,12702,12702,11850.0,852.0,58.747,bdua
27135,27,EL CANTÓN DEL SAN PABLO,0,0,,,,bdua
27150,27,CARMEN DEL DARIÉN,10614,10614,10146.0,468.0,62.917,bdua
27160,27,CÉRTEGUI,3776,3776,3608.0,168.0,22.378,bdua
27205,27,CONDOTO,10368,10368,9685.0,683.0,19.377,bdua
27245,27,EL CARMEN DE ATRATO,0,0,,,,bdua
27250,27,EL LITORAL DEL SAN JUAN,9625,9625,8972.0,653.0,55.958,bdua
27361,27,ISTMINA,0,0,,,,bdua
27372,27,JURADÓ,4733,4733,4547.0,186.0,44.961,bdua
27413,27,LLORÓ,10841,10841,10394.0,447.0,53.039,bdua
27425,27,MEDIO ATRATO,6178,6178,5963.0,215.0,64.94,bdua
27430,27,MEDIO BAUDÓ,10979,10979,10469.0,510.0,65.197,bdua
27450,27,MEDIO SAN JUAN,7877,7877,7516.0,361.0,62.105,bdua
27491,27,NÓVITA,5423,5423,5203.0,220.0,40.679,bdua
27493,27,NUEVO BELÉN DE BAJIRÁ,3621,3621,3611.0,10.0,70.119,bdua
27495,27,NUQUÍ,7444,7444,7131.0,313.0,49.772,bdua
27580,27,RÍO IRÓ,4154,4154,3939.0,215.0,46.509,bdua
27600,27,RÍO QUITO,7550,7550,7237.0,313.0,28.212,bdua
27615,27,RIOSUCIO,25641,25641,23915.0,1726.0,48.539,bdua
27660,27,SAN JOSÉ DEL PALMAR,3853,3853,3751.0,102.0,59.46,bdua
27745,27,SIPÍ,3352,3352,3251.0,101.0,36.008,bdua
27787,27,TADÓ,17264,17264,16187.0,1077.0,29.703,bdua
27800,27,UNGUÍA,9748,9748,9432.0,316.0,57.263,bdua
27810,27,UNIÓN PANAMERICANA,5413,5413,5071.0,342.0,34.565,bdua
41001,41,NEIVA,407968,407968,203020.0,204948.0,9.305,bdua
41006,41,ACEVEDO,33676,33676,32109.0,1567.0,73.257,bdua
41013,41,AGRADO,8498,8498,7653.0,845.0,27.324,bdua
41016,41,AIPE,14904,14904,11761.0,3143.0,28.482,bdua
41020,41,ALGECIRAS,24384,24384,22496.0,1888.0,44.808,bdua
41026,41,ALTAMIRA,2504,2504,2109.0,395.0,27.316,bdua
41078,41,BARAYA,5573,5573,5027.0,546.0,42.921,bdua
41132,41,CAMPOALEGRE,30330,30330,23017.0,7313.0,23.821,bdua
41206,41,COLOMBIA,6281,6281,5810.0,471.0,64.751,bdua
41244,41,ELÍAS,3823,3823,3441.0,382.0,55.742,bdua
41298,41,GARZÓN,81560,81560,62913.0,18647.0,37.974,bdua
41306,41,GIGANTE,22818,22818,19207.0,3611.0,48.988,bdua
41319,41,GUADALUPE,18507,18507,17114.0,1393.0,60.242,bdua
41349,41,HOBO,7028,7028,5376.0,1652.0,18.654,bdua
41357,41,ÍQUIRA,9768,9768,8883.0,885.0,54.73,bdua
41359,41,ISNOS,28755,28755,26931.0,1824.0,66.917,bdua
41378,41,LA ARGENTINA,14850,14850,13981.0,869.0,59.286,bdua
41396,41,LA PLATA,68308,68308,57804.0,10504.0,52.437,bdua
41483,41,NÁTAGA,5670,5670,5125.0,545.0,54.056,bdua
41503,41,OPORAPA,11830,11830,11112.0,718.0,39.163,bdua
41518,41,PAICOL,4791,4791,4042.0,749.0,53.767,bdua
41524,41,PALERMO,18696,18696,15113.0,3583.0,36.473,bdua
41530,41,PALESTINA,11730,11730,11009.0,721.0,45.541,bdua
41548,41,PITAL,11958,11958,10848.0,1110.0,45.342,bdua
41551,41,PITALITO,158404,158404,119616.0,38788.0,37.923,bdua
41615,41,RIVERA,18816,18816,14840.0,3976.0,29.486,bdua
41660,41,SALADOBLANCO,13158,13158,12424.0,734.0,45.714,bdua
41668,41,SAN AGUSTÍN,34406,34406,31443.0,2963.0,50.93,bdua
41676,41,SANTA MARÍA,10227,10227,9491.0,736.0,67.41,bdua
41770,41,SUAZA,23746,23746,22404.0,1342.0,69.805,bdua
41791,41,TARQUI,15654,15654,14351.0,1303.0,56.056,bdua
41797,41,TESALIA,9247,9247,7426.0,1821.0,35.428,bdua
41799,41,TELLO,9566,9566,8409.0,1157.0,47.512,bdua
41801,41,TERUEL,6619,6619,5916.0,703.0,43.3,bdua
41807,41,TIMANÁ,19575,19575,17570.0,2005.0,52.301,bdua
41872,41,VILLAVIEJA,5677,5677,4903.0,774.0,50.326,bdua
41885,41,YAGUARÁ,6437,6437,4501.0,1936.0,22.277,bdua
44001,44,RIOHACHA,311728,311728,247286.0,64442.0,26.523,bdua
44035,44,ALBANIA,28148,28148,20418.0,7730.0,45.311,bdua
44078,44,BARRANCAS,31558,31558,23981.0,7577.0,33.665,bdua
44090,44,DIBULLA,33859,33859,31423.0,2436.0,53.038,bdua
44098,44,DISTRACCIÓN,9642,9642,8734.0,908.0,33.499,bdua
44110,44,EL MOLINO,6851,6851,6404.0,447.0,6.525,bdua
44279,44,FONSECA,45972,45972,34636.0,11336.0,16.499,bdua
44378,44,HATONUEVO,19163,19163,14282.0,4881.0,28.602,bdua
44420,44,LA JAGUA DEL PILAR,2017,2017,1907.0,110.0,14.923,bdua
44430,44,MAICAO,307239,307239,280053.0,27186.0,32.648,bdua
44560,44,MANAURE,81919,81919,78232.0,3687.0,73.636,bdua
44650,44,SAN JUAN DEL CESAR,50437,50437,38098.0,12339.0,27.301,bdua
44847,44,URIBIA,194590,194590,183402.0,11188.0,82.062,bdua
44855,44,URUMITA,8122,8122,6796.0,1326.0,7.757,bdua
44874,44,VILLANUEVA,24375,24375,20001.0,4374.0,6.88,bdua
47001,47,SANTA MARTA,588984,588984,343678.0,245306.0,8.674,bdua
47030,47,ALGARROBO,14929,14929,9883.0,5046.0,14.1,bdua
47053,47,ARACATACA,26619,26619,23914.0,2705.0,28.431,bdua
47058,47,ARIGUANÍ,28249,28249,26683.0,1566.0,17.983,bdua
47161,47,CERRO DE SAN ANTONIO,0,0,,,,bdua
47170,47,CHIVOLO,19356,19356,18474.0,882.0,39.957,bdua
47189,47,CIÉNAGA,135808,135808,90731.0,45077.0,15.742,bdua
47205,47,CONCORDIA,9140,9140,8816.0,324.0,55.656,bdua
47245,47,EL BANCO,64693,64693,56717.0,7976.0,33.427,bdua
47258,47,EL PIÑÓN,14078,14078,13450.0,628.0,39.381,bdua
47268,47,EL RETÉN,15865,15865,14393.0,1472.0,25.339,bdua
47288,47,FUNDACIÓN,90174,90174,65253.0,24921.0,12.824,bdua
47318,47,GUAMAL,25643,25643,23858.0,1785.0,53.566,bdua
47460,47,NUEVA GRANADA,22008,22008,20521.0,1487.0,34.328,bdua
47541,47,PEDRAZA,7748,7748,7503.0,245.0,49.316,bdua
47545,47,PIJIÑO DEL CARMEN,0,0,,,,bdua
47551,47,PIVIJAY,37399,37399,34090.0,3309.0,30.177,bdua
47555,47,PLATO,59973,59973,51893.0,8080.0,17.313,bdua
47570,47,PUEBLOVIEJO,24012,24012,22846.0,1166.0,24.084,bdua
47605,47,REMOLINO,6799,6799,6475.0,324.0,27.092,bdua
47660,47,SABANAS DE SAN ÁNGEL,0,0,,,,bdua
47675,47,SALAMINA,8625,8625,7788.0,837.0,37.31,bdua
47692,47,SAN SEBASTIÁN DE BUENAVISTA,0,0,,,,bdua
47703,47,SAN ZENÓN,9334,9334,8714.0,620.0,40.444,bdua
47707,47,SANTA ANA,21888,21888,19569.0,2319.0,32.269,bdua
47720,47,SANTA BÁRBARA DE PINTO,9946,9946,9242.0,704.0,43.073,bdua
47745,47,SITIONUEVO,18323,18323,17287.0,1036.0,30.23,bdua
47798,47,TENERIFE,11647,11647,10966.0,681.0,34.867,bdua
47960,47,ZAPAYÁN,8555,8555,8203.0,352.0,54.483,bdua
47980,47,ZONA BANANERA,64011,64011,39428.0,24583.0,30.537,bdua
50001,50,VILLAVICENCIO,553332,553332,264571.0,288761.0,4.993,bdua
50006,50,ACACÍAS,93796,93796,47744.0,46052.0,14.285,bdua
50110,50,BARRANCA DE UPÍA,6269,6269,3905.0,2364.0,30.515,bdua
50124,50,CABUYARO,6661,6661,3859.0,2802.0,34.95,bdua
50150,50,CASTILLA LA NUEVA,13736,13736,7976.0,5760.0,29.994,bdua
50223,50,CUBARRAL,5243,5243,4318.0,925.0,32.825,bdua
50226,50,CUMARAL,23984,23984,13545.0,10439.0,24.095,bdua
50245,50,EL CALVARIO,1195,1195,1047.0,148.0,45.941,bdua
50251,50,EL CASTILLO,6938,6938,6373.0,565.0,50.072,bdua
50270,50,EL DORADO,4103,4103,3587.0,516.0,44.943,bdua
50287,50,FUENTE DE ORO,10251,10251,9203.0,1048.0,31.636,bdua
50313,50,GRANADA,85884,85884,64004.0,21880.0,16.437,bdua
50318,50,GUAMAL,13268,13268,8311.0,4957.0,33.464,bdua
50325,50,MAPIRIPÁN,7149,7149,5749.0,1400.0,54.217,bdua
50330,50,MESETAS,10694,10694,9817.0,877.0,45.521,bdua
50350,50,LA MACARENA,11423,11423,10435.0,988.0,48.332,bdua
50370,50,URIBE,0,0,,,,bdua
50400,50,LEJANÍAS,10446,10446,9721.0,725.0,50.019,bdua
50450,50,PUERTO CONCORDIA,8881,8881,7954.0,927.0,56.086,bdua
50568,50,PUERTO GAITÁN,70898,70898,44198.0,26700.0,44.671,bdua
50573,50,PUERTO LÓPEZ,33495,33495,21849.0,11646.0,27.607,bdua
50577,50,PUERTO LLERAS,7762,7762,6755.0,1007.0,45.207,bdua
50590,50,PUERTO RICO,11735,11735,10029.0,1706.0,45.761,bdua
50606,50,RESTREPO,14057,14057,9003.0,5054.0,25.475,bdua
50680,50,SAN CARLOS DE GUAROA,0,0,,,,bdua
50683,50,SAN JUAN DE ARAMA,6262,6262,5639.0,623.0,40.482,bdua
50686,50,SAN JUANITO,1458,1458,1260.0,198.0,54.801,bdua
50689,50,SAN MARTÍN,22192,22192,14309.0,7883.0,18.344,bdua
50711,50,VISTAHERMOSA,0,0,,,,bdua
52001,52,PASTO,413595,413595,238979.0,174616.0,18.555,bdua
52019,52,ALBÁN,7256,7256,6815.0,441.0,70.659,bdua
52022,52,ALDANA,7463,7463,6602.0,861.0,88.075,bdua
52036,52,ANCUYA,6111,6111,5681.0,430.0,73.098,bdua
52051,52,ARBOLEDA,6034,6034,5734.0,300.0,72.937,bdua
52079,52,BARBACOAS,35667,35667,34195.0,1472.0,57.557,bdua
52083,52,BELÉN,4672,4672,4331.0,341.0,40.432,bdua
52110,52,BUESACO,18927,18927,17609.0,1318.0,66.429,bdua
52203,52,COLÓN,7468,7468,7118.0,350.0,67.167,bdua
52207,52,CONSACÁ,8463,8463,7711.0,752.0,72.799,bdua
52210,52,CONTADERO,6387,6387,5772.0,615.0,78.08,bdua
52215,52,CÓRDOBA,13894,13894,13150.0,744.0,80.661,bdua
52224,52,CUASPUD CARLOSAMA,0,0,,,,bdua
52227,52,CUMBAL,33844,33844,31392.0,2452.0,84.952,bdua
52233,52,CUMBITARA,7459,7459,7227.0,232.0,74.729,bdua
52240,52,CHACHAGÜÍ,10309,10309,9001.0,1308.0,51.722,bdua
52250,52,EL CHARCO,20800,20800,20133.0,667.0,64.26,bdua
52254,52,EL PEÑOL,5610,5610,5286.0,324.0,69.875,bdua
52256,52,EL ROSARIO,7152,7152,6852.0,300.0,78.034,bdua
52258,52,EL TABLÓN DE GÓMEZ,0,0,,,,bdua
52260,52,EL TAMBO,11943,11943,11043.0,900.0,62.237,bdua
52287,52,FUNES,5761,5761,5204.0,557.0,62.784,bdua
52317,52,GUACHUCAL,17357,17357,15422.0,1935.0,82.301,bdua
52320,52,GUAITARILLA,10058,10058,9497.0,561.0,65.609,bdua
52323,52,GUALMATÁN,5508,5508,5049.0,459.0,56.609,bdua
52352,52,ILES,6846,6846,6369.0,477.0,75.592,bdua
52354,52,IMUÉS,5265,5265,4812.0,453.0,71.624,bdua
52356,52,IPIALES,130700,130700,103276.0,27424.0,32.21,bdua
52378,52,LA CRUZ,14619,14619,13426.0,1193.0,52.582,bdua
52381,52,LA FLORIDA,7802,7802,7260.0,542.0,67.777,bdua
52385,52,LA LLANADA,4520,4520,4216.0,304.0,34.602,bdua
52390,52,LA TOLA,5604,5604,5336.0,268.0,39.989,bdua
52399,52,LA UNIÓN,31462,31462,26964.0,4498.0,57.266,bdua
52405,52,LEIVA,0,0,,,,bdua
52411,52,LINARES,8340,8340,7838.0,502.0,70.0,bdua
52418,52,LOS ANDES,8967,8967,8510.0,457.0,57.455,bdua
52427,52,MAGÜÍ,7761,7761,7534.0,227.0,44.84,bdua
52435,52,MALLAMA,7020,7020,6470.0,550.0,71.895,bdua
52473,52,MOSQUERA,6692,6692,6354.0,338.0,56.455,bdua
52480,52,NARIÑO,0,0,,,,bdua
52490,52,OLAYA HERRERA,20181,20181,19474.0,707.0,50.82,bdua
52506,52,OSPINA,5629,5629,5248.0,381.0,68.609,bdua
52520,52,FRANCISCO PIZARRO,0,0,,,,bdua
52540,52,POLICARPA,13290,13290,12872.0,418.0,69.375,bdua
52560,52,POTOSÍ,11603,11603,10891.0,712.0,78.712,bdua
52565,52,PROVIDENCIA,4897,4897,4633.0,264.0,79.559,bdua
52573,52,PUERRES,7362,7362,6715.0,647.0,56.547,bdua
52585,52,PUPIALES,16995,16995,15539.0,1456.0,62.33,bdua
52612,52,RICAURTE,19813,19813,18525.0,1288.0,82.486,bdua
52621,52,ROBERTO PAYÁN,9833,9833,9420.0,413.0,53.676,bdua
52678,52,SAMANIEGO,26821,26821,24965.0,1856.0,64.729,bdua
52683,52,SANDONÁ,18003,18003,16145.0,1858.0,47.592,bdua
52685,52,SAN BERNARDO,6875,6875,6423.0,452.0,66.473,bdua
52687,52,SAN LORENZO,14726,14726,14013.0,713.0,78.107,bdua
52693,52,SAN PABLO,12443,12443,11376.0,1067.0,66.881,bdua
52694,52,SAN PEDRO DE CARTAGO,6153,6153,5859.0,294.0,76.434,bdua
52696,52,SANTA BÁRBARA,9555,9555,9313.0,242.0,52.423,bdua
52699,52,SANTACRUZ,9893,9893,9430.0,463.0,80.633,bdua
52720,52,SAPUYES,5699,5699,5159.0,540.0,67.679,bdua
52786,52,TAMINANGO,14610,14610,13779.0,831.0,64.545,bdua
52788,52,TANGUA,8331,8331,7392.0,939.0,66.427,bdua
52835,52,SAN ANDRÉS DE TUMACO,0,0,,,,bdua
52838,52,TÚQUERRES,43106,43106,37820.0,5286.0,56.528,bdua
52885,52,YACUANQUER,9146,9146,8236.0,910.0,68.904,bdua
54001,54,SAN JOSÉ DE CÚCUTA,0,0,,,,bdua
54003,54,ÁBREGO,31534,31534,29573.0,1961.0,56.092,bdua
54051,54,ARBOLEDAS,8442,8442,7793.0,649.0,63.871,bdua
54099,54,BOCHALEMA,6576,6576,5448.0,1128.0,34.884,bdua
54109,54,BUCARASICA,4142,4142,3866.0,276.0,65.765,bdua
54125,54,CÁCOTA,2918,2918,2678.0,240.0,62.474,bdua
54128,54,CÁCHIRA,6888,6888,6494.0,394.0,72.793,bdua
54172,54,CHINÁCOTA,15411,15411,12721.0,2690.0,33.178,bdua
54174,54,CHITAGÁ,11039,11039,10305.0,734.0,50.802,bdua
54206,54,CONVENCIÓN,18251,18251,17155.0,1096.0,53.34,bdua
54223,54,CUCUTILLA,7292,7292,6608.0,684.0,72.422,bdua
54239,54,DURANIA,4606,4606,4000.0,606.0,43.226,bdua
54245,54,EL CARMEN,12805,12805,11978.0,827.0,61.601,bdua
54250,54,EL TARRA,24678,24678,23995.0,683.0,50.584,bdua
54261,54,EL ZULIA,32738,32738,28327.0,4411.0,41.615,bdua
54313,54,GRAMALOTE,5341,5341,4726.0,615.0,54.821,bdua
54344,54,HACARÍ,10708,10708,10348.0,360.0,83.059,bdua
54347,54,HERRÁN,4198,4198,3947.0,251.0,70.915,bdua
54377,54,LABATECA,4732,4732,4141.0,591.0,61.898,bdua
54385,54,LA ESPERANZA,9044,9044,8256.0,788.0,69.737,bdua
54398,54,LA PLAYA,7718,7718,7325.0,393.0,85.061,bdua
54405,54,LOS PATIOS,76437,76437,57517.0,18920.0,11.739,bdua
54418,54,LOURDES,3586,3586,3254.0,332.0,52.844,bdua
54480,54,MUTISCUA,3386,3386,3106.0,280.0,69.403,bdua
54498,54,OCAÑA,132225,132225,96922.0,35303.0,16.765,bdua
54518,54,PAMPLONA,46046,46046,30831.0,15215.0,18.004,bdua
54520,54,PAMPLONITA,4566,4566,3859.0,707.0,63.951,bdua
54553,54,PUERTO SANTANDER,16295,16295,15631.0,664.0,13.526,bdua
54599,54,RAGONVALIA,7234,7234,6885.0,349.0,46.821,bdua
54660,54,SALAZAR,9222,9222,8364.0,858.0,51.822,bdua
54670,54,SAN CALIXTO,10274,10274,9787.0,487.0,80.319,bdua
54673,54,SAN CAYETANO,5168,5168,4270.0,898.0,36.416,bdua
54680,54,SANTIAGO,2694,2694,2388.0,306.0,45.434,bdua
54720,54,SARDINATA,26124,26124,23372.0,2752.0,50.299,bdua
54743,54,SILOS,4592,4592,4342.0,250.0,67.792,bdua
54800,54,TEORAMA,17243,17243,16641.0,602.0,66.734,bdua
54810,54,TIBÚ,72816,72816,64864.0,7952.0,51.165,bdua
54820,54,TOLEDO,14526,14526,12739.0,1787.0,58.612,bdua
54871,54,VILLA CARO,4503,4503,4151.0,352.0,55.341,bdua
54874,54,VILLA DEL ROSARIO,146080,146080,131998.0,14082.0,10.822,bdua
63001,63,ARMENIA,365255,365255,135780.0,229475.0,4.417,bdua
63111,63,BUENAVISTA,2068,2068,1589.0,479.0,35.155,bdua
63130,63,CALARCÁ,54318,54318,34733.0,19585.0,13.064,bdua
63190,63,CIRCASIA,20445,20445,14062.0,6383.0,15.515,bdua
63212,63,CÓRDOBA,4717,4717,3842.0,875.0,30.952,bdua
63272,63,FILANDIA,10451,10451,7502.0,2949.0,28.725,bdua
63302,63,GÉNOVA,6658,6658,5615.0,1043.0,29.949,bdua
63401,63,LA TEBAIDA,30326,30326,20855.0,9471.0,12.336,bdua
63470,63,MONTENEGRO,36888,36888,26921.0,9967.0,11.267,bdua
63548,63,PIJAO,4457,4457,3676.0,781.0,26.565,bdua
63594,63,QUIMBAYA,27894,27894,20866.0,7028.0,14.275,bdua
63690,63,SALENTO,4750,4750,3395.0,1355.0,21.074,bdua
66001,66,PEREIRA,597401,597401,216947.0,380454.0,6.431,bdua
66045,66,APÍA,11099,11099,9115.0,1984.0,48.239,bdua
66075,66,BALBOA,5540,5540,4582.0,958.0,57.473,bdua
66088,66,BELÉN DE UMBRÍA,24650,24650,20461.0,4189.0,46.58,bdua
66170,66,DOSQUEBRADAS,0,0,,,,bdua
66318,66,GUÁTICA,10975,10975,9445.0,1530.0,64.182,bdua
66383,66,LA CELIA,6912,6912,6013.0,899.0,50.637,bdua
66400,66,LA VIRGINIA,39097,39097,22712.0,16385.0,10.891,bdua
66440,66,MARSELLA,13764,13764,10558.0,3206.0,39.669,bdua
66456,66,MISTRATÓ,17336,17336,15907.0,1429.0,72.479,bdua
66572,66,PUEBLO RICO,19417,19417,17850.0,1567.0,79.343,bdua
66594,66,QUINCHÍA,23739,23739,20806.0,2933.0,69.738,bdua
66682,66,SANTA ROSA DE CABAL,73012,73012,40433.0,32579.0,12.197,bdua
66687,66,SANTUARIO,10260,10260,8275.0,1985.0,37.778,bdua
68001,68,BUCARAMANGA,761706,761706,293497.0,468209.0,6.29,bdua
68013,68,AGUADA,1284,1284,1130.0,154.0,76.168,bdua
68020,68,ALBANIA,2483,2483,2288.0,195.0,87.273,bdua
68051,68,ARATOCA,6897,6897,5680.0,1217.0,75.468,bdua
68077,68,BARBOSA,25637,25637,17970.0,7667.0,27.8,bdua
68079,68,BARICHARA,6822,6822,5025.0,1797.0,61.126,bdua
68081,68,BARRANCABERMEJA,237321,237321,120102.0,117219.0,14.077,bdua
68092,68,BETULIA,3551,3551,2792.0,759.0,44.072,bdua
68101,68,BOLÍVAR,6346,6346,5703.0,643.0,82.367,bdua
68121,68,CABRERA,1496,1496,1268.0,228.0,75.468,bdua
68132,68,CALIFORNIA,1280,1280,992.0,288.0,47.031,bdua
68147,68,CAPITANEJO,4490,4490,3880.0,610.0,36.214,bdua
68152,68,CARCASÍ,3447,3447,3165.0,282.0,69.191,bdua
68160,68,CEPITÁ,1486,1486,1321.0,165.0,80.215,bdua
68162,68,CERRITO,6275,6275,5745.0,530.0,45.673,bdua
68167,68,CHARALÁ,9764,9764,7882.0,1882.0,48.167,bdua
68169,68,CHARTA,2012,2012,1807.0,205.0,76.988,bdua
68176,68,CHIMA,2260,2260,1929.0,331.0,57.611,bdua
68179,68,CHIPATÁ,3240,3240,2891.0,349.0,76.296,bdua
68190,68,CIMITARRA,29473,29473,23434.0,6039.0,49.727,bdua
68207,68,CONCEPCIÓN,5358,5358,4897.0,461.0,43.729,bdua
68209,68,CONFINES,2658,2658,2354.0,304.0,74.342,bdua
68211,68,CONTRATACIÓN,3116,3116,2377.0,739.0,40.18,bdua
68217,68,COROMORO,4692,4692,4341.0,351.0,81.245,bdua
68229,68,CURITÍ,9674,9674,7964.0,1710.0,65.237,bdua
68235,68,EL CARMEN DE CHUCURÍ,0,0,,,,bdua
68245,68,EL GUACAMAYO,1450,1450,1339.0,111.0,80.345,bdua
68250,68,EL PEÑÓN,3815,3815,3492.0,323.0,80.105,bdua
68255,68,EL PLAYÓN,13775,13775,10879.0,2896.0,40.668,bdua
68264,68,ENCINO,1957,1957,1770.0,187.0,87.021,bdua
68266,68,ENCISO,2871,2871,2436.0,435.0,55.625,bdua
68271,68,FLORIÁN,4429,4429,3982.0,447.0,80.086,bdua
68276,68,FLORIDABLANCA,294632,294632,117063.0,177569.0,7.497,bdua
68296,68,GALÁN,2936,2936,2603.0,333.0,79.7,bdua
68298,68,GÁMBITA,2971,2971,2695.0,276.0,79.064,bdua
68307,68,GIRÓN,149215,149215,80698.0,68517.0,12.692,bdua
68318,68,GUACA,4818,4818,4358.0,460.0,62.951,bdua
68320,68,GUADALUPE,3820,3820,3287.0,533.0,75.236,bdua
68322,68,GUAPOTÁ,1653,1653,1247.0,406.0,68.24,bdua
68324,68,GUAVATÁ,2918,2918,2633.0,285.0,82.282,bdua
68327,68,GÜEPSA,3973,3973,3513.0,460.0,40.272,bdua
68344,68,HATO,2048,2048,1834.0,214.0,72.314,bdua
68368,68,JESÚS MARÍA,2593,2593,2321.0,272.0,82.221,bdua
68370,68,JORDÁN,1101,1101,1006.0,95.0,91.099,bdua
68377,68,LA BELLEZA,6044,6044,5547.0,497.0,79.004,bdua
68385,68,LANDÁZURI,10716,10716,9639.0,1077.0,59.92,bdua
68397,68,LA PAZ,3221,3221,2937.0,284.0,84.601,bdua
68406,68,LEBRIJA,41124,41124,26279.0,14845.0,47.323,bdua
68418,68,LOS SANTOS,9298,9298,7327.0,1971.0,68.585,bdua
68425,68,MACARAVITA,1705,1705,1503.0,202.0,70.674,bdua
68432,68,MÁLAGA,21189,21189,14638.0,6551.0,19.954,bdua
68444,68,MATANZA,3865,3865,3464.0,401.0,49.858,bdua
68464,68,MOGOTES,9277,9277,8236.0,1041.0,63.167,bdua
68468,68,MOLAGAVITA,3116,3116,2890.0,226.0,71.277,bdua
68498,68,OCAMONTE,3750,3750,3461.0,289.0,81.84,bdua
68500,68,OIBA,9970,9970,7761.0,2209.0,56.66,bdua
68502,68,ONZAGA,3115,3115,2777.0,338.0,73.708,bdua
68522,68,PALMAR,1190,1190,988.0,202.0,62.941,bdua
68524,68,PALMAS DEL SOCORRO,1878,1878,1552.0,326.0,55.911,bdua
68533,68,PÁRAMO,4175,4175,3541.0,634.0,64.455,bdua
68547,68,PIEDECUESTA,161263,161263,74935.0,86328.0,14.604,bdua
68549,68,PINCHOTE,2865,2865,2232.0,633.0,58.569,bdua
68572,68,PUENTE NACIONAL,9071,9071,7325.0,1746.0,66.31,bdua
68573,68,PUERTO PARRA,5864,5864,4099.0,1765.0,34.123,bdua
68575,68,PUERTO WILCHES,30722,30722,18391.0,12331.0,25.708,bdua
68615,68,RIONEGRO,20352,20352,16981.0,3371.0,58.918,bdua
68655,68,SABANA DE TORRES,35654,35654,22079.0,13575.0,27.949,bdua
68669,68,SAN ANDRÉS,6037,6037,5386.0,651.0,62.084,bdua
68673,68,SAN BENITO,2138,2138,2010.0,128.0,85.734,bdua
68679,68,SAN GIL,71905,71905,34029.0,37876.0,15.928,bdua
68682,68,SAN JOAQUÍN,1815,1815,1457.0,358.0,59.559,bdua
68684,68,SAN JOSÉ DE MIRANDA,3138,3138,2677.0,461.0,64.372,bdua
68686,68,SAN MIGUEL,1977,1977,1673.0,304.0,56.146,bdua
68689,68,SAN VICENTE DE CHUCURÍ,23935,23935,19324.0,4611.0,58.483,bdua
68705,68,SANTA BÁRBARA,1596,1596,1440.0,156.0,86.717,bdua
68720,68,SANTA HELENA DEL OPÓN,3465,3465,3236.0,229.0,72.035,bdua
68745,68,SIMACOTA,6603,6603,5499.0,1104.0,67.939,bdua
68755,68,SOCORRO,32833,32833,19380.0,13453.0,27.792,bdua
68770,68,SUAITA,7600,7600,6400.0,1200.0,57.461,bdua
68773,68,SUCRE,4934,4934,4604.0,330.0,85.225,bdua
68780,68,SURATÁ,3149,3149,2767.0,382.0,76.469,bdua
68820,68,TONA,5215,5215,4903.0,312.0,61.937,bdua
68855,68,VALLE DE SAN JOSÉ,5245,5245,4558.0,687.0,70.067,bdua
68861,68,VÉLEZ,16781,16781,11520.0,5261.0,40.635,bdua
68867,68,VETAS,1061,1061,618.0,443.0,51.084,bdua
68872,68,VILLANUEVA,7338,7338,6066.0,1272.0,45.326,bdua
68895,68,ZAPATOCA,7803,7803,5358.0,2445.0,38.255,bdua
70001,70,SINCELEJO,336161,336161,232752.0,103409.0,12.407,bdua
70110,70,BUENAVISTA,10180,10180,9288.0,892.0,19.843,bdua
70124,70,CAIMITO,11635,11635,10900.0,735.0,40.576,bdua
70204,70,COLOSÓ,8121,8121,7210.0,911.0,51.201,bdua
70215,70,COROZAL,62001,62001,47965.0,14036.0,16.192,bdua
70221,70,COVEÑAS,12772,12772,11489.0,1283.0,37.739,bdua
70230,70,CHALÁN,4933,4933,4504.0,429.0,36.327,bdua
70233,70,EL ROBLE,8740,8740,8426.0,314.0,38.936,bdua
70235,70,GALERAS,21242,21242,19876.0,1366.0,34.394,bdua
70265,70,GUARANDA,18421,18421,17557.0,864.0,48.456,bdua
70400,70,LA UNIÓN,11600,11600,10461.0,1139.0,52.716,bdua
70418,70,LOS PALMITOS,21381,21381,19765.0,1616.0,44.156,bdua
70429,70,MAJAGUAL,40271,40271,38219.0,2052.0,60.907,bdua
70473,70,MORROA,15884,15884,14322.0,1562.0,41.287,bdua
70508,70,OVEJAS,24322,24322,22132.0,2190.0,43.08,bdua
70523,70,PALMITO,13030,13030,12353.0,677.0,47.276,bdua
70670,70,SAMPUÉS,43112,43112,40165.0,2947.0,45.475,bdua
70678,70,SAN BENITO ABAD,20312,20312,19303.0,1009.0,35.545,bdua
70702,70,SAN JUAN DE BETULIA,12694,12694,11597.0,1097.0,43.068,bdua
70708,70,SAN MARCOS,65109,65109,58818.0,6291.0,42.237,bdua
70713,70,SAN ONOFRE,55349,55349,50715.0,4634.0,49.188,bdua
70717,70,SAN PEDRO,18564,18564,16974.0,1590.0,30.828,bdua
70742,70,SAN LUIS DE SINCÉ,0,0,,,,bdua
70771,70,SUCRE,21124,21124,20100.0,1024.0,61.011,bdua
70820,70,SANTIAGO DE TOLÚ,0,0,,,,bdua
70823,70,SAN JOSÉ DE TOLUVIEJO,0,0,,,,bdua
73001,73,IBAGUÉ,600578,600578,257055.0,343523.0,6.925,bdua
73024,73,ALPUJARRA,3176,3176,2805.0,371.0,48.52,bdua
73026,73,ALVARADO,6559,6559,5229.0,1330.0,48.712,bdua
73030,73,AMBALEMA,4463,4463,3335.0,1128.0,13.758,bdua
73043,73,ANZOÁTEGUI,8737,8737,8246.0,491.0,75.175,bdua
73055,73,ARMERO,0,0,,,,bdua
73067,73,ATACO,17892,17892,16860.0,1032.0,61.927,bdua
73124,73,CAJAMARCA,15218,15218,13250.0,1968.0,48.988,bdua
73148,73,CARMEN DE APICALÁ,6679,6679,5301.0,1378.0,24.345,bdua
73152,73,CASABIANCA,5703,5703,5337.0,366.0,68.297,bdua
73168,73,CHAPARRAL,48416,48416,40171.0,8245.0,41.046,bdua
73200,73,COELLO,4091,4091,3516.0,575.0,61.99,bdua
73217,73,COYAIMA,20190,20190,18826.0,1364.0,75.988,bdua
73226,73,CUNDAY,5826,5826,5259.0,567.0,59.612,bdua
73236,73,DOLORES,6973,6973,6360.0,613.0,57.178,bdua
73268,73,ESPINAL,78297,78297,48961.0,29336.0,19.375,bdua
73270,73,FALAN,5644,5644,4799.0,845.0,61.995,bdua
73275,73,FLANDES,8804,8804,6683.0,2121.0,13.505,bdua
73283,73,FRESNO,29384,29384,24415.0,4969.0,43.316,bdua
73319,73,GUAMO,24836,24836,19768.0,5068.0,39.427,bdua
73347,73,HERVEO,3524,3524,3277.0,247.0,61.322,bdua
73349,73,HONDA,24776,24776,12308.0,12468.0,7.063,bdua
73352,73,ICONONZO,7133,7133,6188.0,945.0,59.484,bdua
73408,73,LÉRIDA,16220,16220,11407.0,4813.0,14.334,bdua
73411,73,LÍBANO,38756,38756,30095.0,8661.0,30.099,bdua
73443,73,SAN SEBASTIÁN DE MARIQUITA,0,0,,,,bdua
73449,73,MELGAR,37481,37481,20653.0,16828.0,12.326,bdua
73461,73,MURILLO,2688,2688,2407.0,281.0,45.908,bdua
73483,73,NATAGAIMA,12177,12177,10839.0,1338.0,47.36,bdua
73504,73,ORTEGA,23427,23427,21523.0,1904.0,72.22,bdua
73520,73,PALOCABILDO,9029,9029,8194.0,835.0,62.565,bdua
73547,73,PIEDRAS,2884,2884,2028.0,856.0,36.096,bdua
73555,73,PLANADAS,31758,31758,29634.0,2124.0,59.509,bdua
73563,73,PRADO,7356,7356,6235.0,1121.0,54.608,bdua
73585,73,PURIFICACIÓN,21466,21466,16326.0,5140.0,39.723,bdua
73616,73,RIOBLANCO,23017,23017,21751.0,1266.0,71.23,bdua
73622,73,RONCESVALLES,4148,4148,3635.0,513.0,52.7,bdua
73624,73,ROVIRA,23845,23845,22305.0,1540.0,53.118,bdua
73671,73,SALDAÑA,11158,11158,8966.0,2192.0,39.263,bdua
73675,73,SAN ANTONIO,11739,11739,11060.0,679.0,65.551,bdua
73678,73,SAN LUIS,8452,8452,7424.0,1028.0,57.856,bdua
73686,73,SANTA ISABEL,4394,4394,3971.0,423.0,52.777,bdua
73770,73,SUÁREZ,2502,2502,2109.0,393.0,40.408,bdua
73854,73,VALLE DE SAN JUAN,3525,3525,3085.0,440.0,47.716,bdua
73861,73,VENADILLO,10309,10309,7659.0,2650.0,27.782,bdua
73870,73,VILLAHERMOSA,0,0,,,,bdua
73873,73,VILLARRICA,4254,4254,3799.0,455.0,57.099,bdua
76001,76,SANTIAGO DE CALI,2468479,2468479,975853.0,1492626.0,3.863,bdua
76020,76,ALCALÁ,12347,12347,9734.0,2613.0,17.227,bdua
76036,76,ANDALUCÍA,16136,16136,8990.0,7146.0,17.036,bdua
76041,76,ANSERMANUEVO,16020,16020,12408.0,3612.0,25.406,bdua
76054,76,ARGELIA,5023,5023,4387.0,636.0,53.972,bdua
76100,76,BOLÍVAR,11335,11335,9191.0,2144.0,36.921,bdua
76109,76,BUENAVENTURA,279032,279032,207245.0,71787.0,13.366,bdua
76111,76,GUADALAJARA DE BUGA,0,0,,,,bdua
76113,76,BUGALAGRANDE,20585,20585,11670.0,8915.0,25.82,bdua
76122,76,CAICEDONIA,23641,23641,18413.0,5228.0,17.859,bdua
76126,76,CALIMA,16955,16955,12468.0,4487.0,24.836,bdua
76130,76,CANDELARIA,76693,76693,37533.0,39160.0,28.01,bdua
76147,76,CARTAGO,140993,140993,70183.0,70810.0,10.918,bdua
76233,76,DAGUA,37251,37251,28415.0,8836.0,50.705,bdua
76243,76,EL ÁGUILA,6844,6844,6169.0,675.0,65.839,bdua
76246,76,EL CAIRO,5739,5739,5119.0,620.0,53.058,bdua
76248,76,EL CERRITO,48427,48427,25613.0,22814.0,18.256,bdua
76250,76,EL DOVIO,11757,11757,9719.0,2038.0,46.092,bdua
76275,76,FLORIDA,60144,60144,32589.0,27555.0,16.687,bdua
76306,76,GINEBRA,20824,20824,13285.0,7539.0,34.667,bdua
76318,76,GUACARÍ,31237,31237,16086.0,15151.0,22.681,bdua
76364,76,JAMUNDÍ,163724,163724,76948.0,86776.0,19.778,bdua
76377,76,LA CUMBRE,10801,10801,8276.0,2525.0,54.662,bdua
76400,76,LA UNIÓN,32235,32235,24103.0,8132.0,15.911,bdua
76403,76,LA VICTORIA,11399,11399,7828.0,3571.0,21.923,bdua
76497,76,OBANDO,9233,9233,6358.0,2875.0,15.975,bdua
76520,76,PALMIRA,354440,354440,148346.0,206094.0,6.436,bdua
76563,76,PRADERA,43787,43787,23444.0,20343.0,11.937,bdua
76606,76,RESTREPO,17256,17256,12135.0,5121.0,33.629,bdua
76616,76,RIOFRÍO,15308,15308,11436.0,3872.0,35.021,bdua
76622,76,ROLDANILLO,36538,36538,23893.0,12645.0,31.335,bdua
76670,76,SAN PEDRO,11509,11509,7109.0,4400.0,31.888,bdua
76736,76,SEVILLA,38306,38306,30073.0,8233.0,21.104,bdua
76823,76,TORO,12164,12164,9775.0,2389.0,15.414,bdua
76828,76,TRUJILLO,17026,17026,14470.0,2556.0,37.883,bdua
76834,76,TULUÁ,217012,217012,115606.0,101406.0,9.266,bdua
76845,76,ULLOA,3623,3623,2740.0,883.0,39.718,bdua
76863,76,VERSALLES,6580,6580,5343.0,1237.0,47.72,bdua
76869,76,VIJES,9400,9400,6440.0,2960.0,27.457,bdua
76890,76,YOTOCO,13608,13608,8693.0,4915.0,30.085,bdua
76892,76,YUMBO,112962,112962,51005.0,61957.0,8.802,bdua
76895,76,ZARZAL,42492,42492,23864.0,18628.0,17.624,bdua
81001,81,ARAUCA,114864,114864,90196.0,24668.0,24.497,bdua
81065,81,ARAUQUITA,50685,50685,46636.0,4049.0,56.295,bdua
81220,81,CRAVO NORTE,3298,3298,2764.0,534.0,22.377,bdua
81300,81,FORTUL,21554,21554,19702.0,1852.0,51.485,bdua
81591,81,PUERTO RONDÓN,4243,4243,3689.0,554.0,28.541,bdua
81736,81,SARAVENA,67982,67982,57507.0,10475.0,37.625,bdua
81794,81,TAME,57406,57406,48242.0,9164.0,50.307,bdua
85001,85,YOPAL,195908,195908,100158.0,95750.0,14.196,bdua
85010,85,AGUAZUL,33353,33353,21797.0,11556.0,25.614,bdua
85015,85,CHÁMEZA,1928,1928,1552.0,376.0,40.353,bdua
85125,85,HATO COROZAL,10927,10927,9623.0,1304.0,50.654,bdua
85136,85,LA SALINA,788,788,643.0,145.0,50.0,bdua
85139,85,MANÍ,17728,17728,11084.0,6644.0,40.473,bdua
85162,85,MONTERREY,14406,14406,10506.0,3900.0,23.879,bdua
85225,85,NUNCHÍA,6780,6780,5790.0,990.0,66.372,bdua
85230,85,OROCUÉ,9761,9761,8008.0,1753.0,44.504,bdua
85250,85,PAZ DE ARIPORO,37765,37765,30910.0,6855.0,32.038,bdua
85263,85,PORE,10947,10947,8853.0,2094.0,40.157,bdua
85279,85,RECETOR,1022,1022,844.0,178.0,70.744,bdua
85300,85,SABANALARGA,2381,2381,1847.0,534.0,32.339,bdua
85315,85,SÁCAMA,1545,1545,1202.0,343.0,44.337,bdua
85325,85,SAN LUIS DE PALENQUE,7298,7298,5851.0,1447.0,54.398,bdua
85400,85,TÁMARA,5629,5629,5000.0,629.0,71.807,bdua
85410,85,TAURAMENA,23130,23130,14752.0,8378.0,32.278,bdua
85430,85,TRINIDAD,11775,11775,9478.0,2297.0,40.832,bdua
85440,85,VILLANUEVA,38971,38971,21424.0,17547.0,33.9,bdua
86001,86,MOCOA,56683,56683,40499.0,16184.0,41.854,bdua
86219,86,COLÓN,5166,5166,4452.0,714.0,44.464,bdua
86320,86,ORITO,39561,39561,34102.0,5459.0,51.136,bdua
86568,86,PUERTO ASÍS,71209,71209,59069.0,12140.0,41.321,bdua
86569,86,PUERTO CAICEDO,13119,13119,12175.0,944.0,68.123,bdua
86571,86,PUERTO GUZMÁN,15436,15436,14577.0,859.0,67.375,bdua
86573,86,PUERTO LEGUÍZAMO,18445,18445,17062.0,1383.0,56.671,bdua
86749,86,SIBUNDOY,13413,13413,11493.0,1920.0,43.793,bdua
86755,86,SAN FRANCISCO,5080,5080,4569.0,511.0,45.276,bdua
86757,86,SAN MIGUEL,20448,20448,19294.0,1154.0,66.965,bdua
86760,86,SANTIAGO,7519,7519,6905.0,614.0,66.525,bdua
86865,86,VALLE DEL GUAMUEZ,40040,40040,36196.0,3844.0,53.294,bdua
86885,86,VILLAGARZÓN,26741,26741,22417.0,4324.0,49.714,bdua
88001,88,SAN ANDRÉS,55919,55919,18340.0,37579.0,15.476,bdua
88564,88,PROVIDENCIA,4278,4278,1483.0,2795.0,30.014,bdua
91001,91,LETICIA,54374,54374,38674.0,15700.0,41.288,bdua
91263,91,EL ENCANTO,1813,1813,1677.0,136.0,92.388,bdua
91405,91,LA CHORRERA,2558,2558,2369.0,189.0,96.013,bdua
91407,91,LA PEDRERA,3316,3316,3164.0,152.0,94.029,bdua
91430,91,LA VICTORIA,175,175,162.0,13.0,78.286,bdua
91460,91,MIRITÍ - PARANÁ,0,0,,,,bdua
91530,91,PUERTO ALEGRÍA,496,496,479.0,17.0,96.976,bdua
91536,91,PUERTO ARICA,1060,1060,997.0,63.0,95.755,bdua
91540,91,PUERTO NARIÑO,0,0,,,,bdua
91669,91,PUERTO SANTANDER,0,0,,,,bdua
91798,91,TARAPACÁ,3175,3175,3064.0,111.0,93.102,bdua
94001,94,INÍRIDA,39912,39912,34080.0,5832.0,51.155,bdua
94343,94,BARRANCOMINAS,0,0,,,,bdua
94883,94,SAN FELIPE,1662,1662,1593.0,69.0,88.267,bdua
94884,94,PUERTO COLOMBIA,1419,1419,1372.0,47.0,88.09,bdua
94885,94,LA GUADALUPE,212,212,189.0,23.0,80.189,bdua
94886,94,CACAHUAL,542,542,528.0,14.0,89.483,bdua
94887,94,PANA PANA,1153,1153,1127.0,26.0,89.592,bdua
94888,94,MORICHAL,0,0,,,,bdua
95001,95,SAN JOSÉ DEL GUAVIARE,62262,62262,45349.0,16913.0,45.384,bdua
95015,95,CALAMAR,8856,8856,7885.0,971.0,47.019,bdua
95025,95,EL RETORNO,11563,11563,10278.0,1285.0,62.674,bdua
95200,95,MIRAFLORES,3638,3638,3261.0,377.0,53.601,bdua
97001,97,MITÚ,27374,27374,22136.0,5238.0,74.012,bdua
97161,97,CARURÚ,2200,2200,1958.0,242.0,68.364,bdua
97511,97,PACOA,464,464,455.0,9.0,97.629,bdua
97666,97,TARAIRA,1705,1705,1501.0,204.0,59.589,bdua
97777,97,PAPUNAHUA,55,55,55.0,0.0,72.727,bdua
97889,97,YAVARATÉ,176,176,165.0,11.0,96.591,bdua
99001,99,PUERTO CARREÑO,31100,31100,24396.0,6704.0,36.672,bdua
99524,99,LA PRIMAVERA,8887,8887,7085.0,1802.0,37.245,bdua
99624,99,SANTA ROSALÍA,3742,3742,2644.0,1098.0,38.108,bdua
99773,99,CUMARIBO,48094,48094,45371.0,2723.0,94.317,bdua
